USER_ID,ITEM_ID,OUTCOME
user_0,item_3,1
user_1,item_1,2
user_2,item_3,1
user_3,item_0,1
user_4,item_3,1
user_5,item_2,2
user_6,item_1,3
user_7,item_1,5
user_8,item_0,2
user_9,item_1,0
user_10,item_1,1
user_11,item_0,1
user_12,item_1,3
user_13,item_1,1
user_14,item_2,2
user_15,item_0,1
user_16,item_2,4
user_17,item_0,7
user_18,item_1,5
user_19,item_3,1
user_20,item_2,1
user_2714,item_0,1
user_22,item_3,2
user_23,item_2,2
user_24,item_1,0
user_25,item_2,1
user_26,item_2,2
user_27,item_2,1
user_28,item_0,3
user_29,item_0,1
user_30,item_1,5
user_31,item_3,0
user_32,item_2,3
user_33,item_0,6
user_34,item_2,3
user_35,item_0,6
user_36,item_0,3
user_37,item_1,1
user_38,item_1,5
user_39,item_0,1
user_40,item_1,0
user_41,item_2,1
user_42,item_2,1
user_43,item_1,2
user_44,item_2,1
user_45,item_2,3
user_46,item_0,1
user_47,item_0,3
user_48,item_0,1
user_49,item_1,0
user_50,item_3,1
user_51,item_1,0
user_52,item_3,1
user_53,item_1,0
user_54,item_0,1
user_55,item_2,2
user_56,item_3,3
user_57,item_0,2
user_58,item_1,4
user_59,item_3,4
user_60,item_3,0
user_61,item_0,1
user_62,item_2,1
user_63,item_0,3
user_64,item_3,1
user_65,item_2,2
user_66,item_1,1
user_67,item_0,1
user_68,item_1,1
user_69,item_2,1
user_70,item_2,0
user_71,item_3,2
user_72,item_3,1
user_73,item_1,2
user_74,item_1,1
user_75,item_2,6
user_76,item_2,4
user_77,item_2,3
user_78,item_3,1
user_79,item_2,3
user_80,item_3,1
user_81,item_1,1
user_82,item_3,1
user_83,item_0,0
user_84,item_1,2
user_85,item_3,0
user_86,item_1,1
user_87,item_3,1
user_88,item_0,0
user_89,item_3,1
user_3598,item_0,1
user_91,item_3,4
user_92,item_0,1
user_93,item_1,0
user_94,item_2,0
user_95,item_1,0
user_96,item_2,2
user_97,item_0,3
user_98,item_0,1
user_99,item_2,2
user_2827,item_3,1
user_101,item_3,1
user_102,item_0,2
user_103,item_3,2
user_104,item_2,7
user_105,item_3,0
user_106,item_2,2
user_107,item_0,2
user_108,item_3,3
user_109,item_1,1
user_110,item_1,1
user_111,item_1,4
user_112,item_3,2
user_113,item_0,1
user_114,item_3,3
user_115,item_1,3
user_116,item_2,1
user_117,item_0,5
user_118,item_3,0
user_119,item_1,1
user_120,item_2,1
user_121,item_2,2
user_2376,item_1,1
user_123,item_1,5
user_124,item_0,1
user_125,item_3,1
user_126,item_0,3
user_127,item_1,3
user_128,item_2,2
user_129,item_2,0
user_130,item_0,1
user_131,item_3,0
user_132,item_3,4
user_133,item_3,2
user_2253,item_1,1
user_135,item_2,0
user_136,item_1,3
user_137,item_2,1
user_138,item_0,1
user_139,item_1,1
user_140,item_0,1
user_141,item_2,3
user_142,item_1,2
user_143,item_1,2
user_144,item_1,1
user_145,item_1,0
user_146,item_3,1
user_147,item_2,2
user_148,item_1,1
user_149,item_1,3
user_150,item_0,1
user_151,item_2,2
user_152,item_2,1
user_153,item_0,1
user_154,item_1,0
user_155,item_0,0
user_156,item_3,0
user_157,item_2,4
user_158,item_1,0
user_159,item_1,1
user_160,item_2,3
user_161,item_2,3
user_162,item_0,1
user_163,item_1,2
user_164,item_3,0
user_165,item_0,0
user_166,item_1,3
user_167,item_0,1
user_168,item_3,2
user_169,item_1,1
user_170,item_0,2
user_171,item_3,0
user_172,item_2,2
user_173,item_3,1
user_174,item_3,2
user_175,item_2,1
user_176,item_1,5
user_177,item_3,1
user_178,item_1,0
user_179,item_0,0
user_180,item_1,3
user_2606,item_2,1
user_182,item_2,3
user_183,item_2,5
user_184,item_2,2
user_185,item_1,1
user_4245,item_1,1
user_187,item_2,4
user_188,item_2,1
user_2935,item_3,3
user_190,item_3,0
user_191,item_3,2
user_192,item_0,1
user_193,item_1,3
user_194,item_0,1
user_195,item_3,3
user_196,item_0,1
user_197,item_2,4
user_198,item_2,1
user_199,item_2,3
user_200,item_1,1
user_201,item_0,1
user_202,item_1,2
user_203,item_1,2
user_4101,item_0,1
user_205,item_1,8
user_206,item_0,1
user_207,item_2,3
user_208,item_1,1
user_209,item_2,0
user_210,item_1,2
user_211,item_2,4
user_212,item_3,2
user_213,item_1,3
user_214,item_0,6
user_215,item_1,3
user_216,item_1,0
user_217,item_0,0
user_218,item_3,0
user_219,item_0,2
user_220,item_3,1
user_221,item_0,1
user_222,item_1,6
user_4815,item_0,0
user_224,item_3,5
user_225,item_2,0
user_226,item_1,2
user_227,item_3,0
user_228,item_0,2
user_229,item_3,6
user_230,item_2,4
user_231,item_1,2
user_232,item_0,1
user_233,item_2,2
user_234,item_3,2
user_235,item_3,5
user_236,item_2,0
user_237,item_2,0
user_238,item_2,4
user_239,item_3,1
user_240,item_3,1
user_241,item_3,1
user_242,item_3,8
user_243,item_1,7
user_244,item_1,1
user_245,item_0,1
user_246,item_1,6
user_247,item_1,0
user_248,item_0,1
user_249,item_2,4
user_250,item_3,1
user_1846,item_0,2
user_252,item_1,6
user_253,item_2,0
user_254,item_0,2
user_255,item_2,2
user_256,item_0,0
user_257,item_3,1
user_258,item_3,3
user_259,item_1,2
user_260,item_2,2
user_261,item_1,4
user_262,item_0,3
user_754,item_1,1
user_264,item_0,1
user_265,item_1,0
user_266,item_1,1
user_267,item_3,2
user_268,item_1,0
user_269,item_3,1
user_270,item_1,0
user_271,item_3,1
user_272,item_1,0
user_273,item_1,1
user_274,item_1,0
user_275,item_2,1
user_276,item_3,0
user_277,item_3,1
user_278,item_3,1
user_279,item_0,2
user_280,item_2,3
user_281,item_1,0
user_282,item_2,3
user_283,item_0,0
user_284,item_1,1
user_285,item_1,1
user_286,item_1,0
user_287,item_0,3
user_288,item_3,0
user_289,item_0,1
user_290,item_1,2
user_291,item_2,0
user_292,item_0,3
user_293,item_2,2
user_294,item_2,7
user_295,item_2,1
user_296,item_2,7
user_297,item_0,2
user_298,item_0,2
user_299,item_0,1
user_300,item_2,5
user_301,item_1,0
user_302,item_0,1
user_303,item_2,6
user_304,item_1,3
user_305,item_0,3
user_306,item_0,1
user_2293,item_3,0
user_308,item_0,1
user_309,item_1,1
user_310,item_3,1
user_311,item_1,0
user_312,item_3,0
user_313,item_1,1
user_2165,item_1,2
user_315,item_1,1
user_316,item_3,3
user_317,item_2,1
user_318,item_2,1
user_319,item_2,1
user_320,item_2,3
user_321,item_2,1
user_322,item_1,0
user_323,item_1,2
user_324,item_0,2
user_325,item_0,1
user_326,item_1,0
user_327,item_1,5
user_328,item_2,1
user_329,item_0,2
user_330,item_3,1
user_1524,item_3,1
user_332,item_2,4
user_333,item_2,2
user_334,item_1,3
user_335,item_3,0
user_336,item_3,1
user_337,item_2,11
user_338,item_0,2
user_4350,item_3,0
user_340,item_3,2
user_341,item_3,1
user_342,item_2,1
user_343,item_2,3
user_344,item_2,2
user_345,item_2,1
user_4353,item_2,1
user_347,item_3,5
user_348,item_2,1
user_349,item_3,1
user_350,item_1,3
user_351,item_3,2
user_352,item_0,3
user_353,item_1,1
user_354,item_2,2
user_3684,item_0,4
user_356,item_2,3
user_357,item_0,1
user_358,item_3,5
user_359,item_0,3
user_360,item_3,5
user_361,item_1,1
user_362,item_3,0
user_363,item_3,2
user_364,item_3,0
user_365,item_1,1
user_366,item_0,0
user_367,item_0,2
user_368,item_2,2
user_369,item_0,2
user_370,item_2,5
user_371,item_1,2
user_372,item_3,1
user_373,item_1,1
user_374,item_1,1
user_375,item_3,0
user_376,item_2,1
user_377,item_3,1
user_4397,item_1,0
user_379,item_1,3
user_1839,item_1,1
user_381,item_3,1
user_382,item_1,0
user_383,item_2,4
user_384,item_3,1
user_385,item_2,0
user_4090,item_3,0
user_387,item_1,1
user_388,item_0,2
user_389,item_1,3
user_390,item_1,2
user_391,item_0,0
user_392,item_3,2
user_393,item_2,2
user_394,item_1,1
user_395,item_3,2
user_396,item_3,1
user_397,item_1,2
user_398,item_3,1
user_399,item_1,1
user_400,item_3,2
user_401,item_0,0
user_402,item_2,7
user_403,item_2,3
user_404,item_1,0
user_405,item_3,1
user_406,item_1,0
user_407,item_2,3
user_408,item_0,1
user_409,item_2,5
user_410,item_0,1
user_411,item_2,2
user_412,item_0,0
user_413,item_3,0
user_414,item_3,1
user_415,item_3,1
user_416,item_0,3
user_417,item_0,0
user_3555,item_1,2
user_419,item_2,3
user_420,item_2,4
user_421,item_2,1
user_422,item_1,1
user_423,item_3,0
user_424,item_2,0
user_425,item_2,1
user_426,item_1,0
user_427,item_1,2
user_428,item_1,3
user_429,item_3,1
user_430,item_0,5
user_431,item_1,2
user_432,item_3,2
user_4440,item_1,0
user_2914,item_2,0
user_2081,item_3,1
user_436,item_1,3
user_437,item_0,2
user_438,item_3,2
user_4219,item_3,2
user_440,item_1,0
user_441,item_2,1
user_442,item_0,6
user_443,item_3,4
user_444,item_0,6
user_445,item_3,2
user_446,item_0,0
user_447,item_3,2
user_448,item_0,3
user_449,item_3,3
user_450,item_2,5
user_451,item_2,4
user_452,item_1,0
user_453,item_2,1
user_454,item_3,2
user_455,item_0,1
user_456,item_1,6
user_457,item_3,2
user_458,item_0,4
user_459,item_3,1
user_460,item_1,2
user_461,item_0,3
user_462,item_3,0
user_463,item_0,1
user_464,item_3,6
user_465,item_2,2
user_466,item_1,4
user_467,item_0,2
user_468,item_2,1
user_469,item_1,0
user_470,item_3,0
user_471,item_3,0
user_472,item_3,4
user_473,item_2,1
user_474,item_3,3
user_475,item_0,2
user_476,item_2,2
user_4519,item_1,3
user_478,item_2,1
user_479,item_2,5
user_480,item_1,2
user_481,item_2,2
user_482,item_1,1
user_483,item_0,1
user_484,item_0,6
user_485,item_2,3
user_486,item_2,1
user_487,item_0,4
user_488,item_3,6
user_2874,item_0,0
user_490,item_0,9
user_491,item_0,1
user_3850,item_1,0
user_3623,item_3,1
user_494,item_1,1
user_1524,item_3,1
user_496,item_0,2
user_497,item_2,1
user_498,item_2,4
user_499,item_2,0
user_500,item_1,0
user_501,item_3,0
user_502,item_3,1
user_503,item_0,3
user_504,item_0,2
user_505,item_2,1
user_506,item_0,3
user_507,item_2,2
user_4251,item_0,0
user_509,item_0,1
user_510,item_3,0
user_511,item_0,3
user_512,item_2,5
user_513,item_1,2
user_514,item_2,1
user_515,item_3,1
user_4904,item_1,0
user_517,item_3,0
user_518,item_3,0
user_519,item_2,4
user_520,item_0,2
user_2931,item_1,1
user_522,item_3,0
user_523,item_2,3
user_524,item_0,0
user_2259,item_3,3
user_3024,item_2,1
user_527,item_0,2
user_528,item_2,2
user_529,item_1,3
user_530,item_2,1
user_4398,item_1,1
user_532,item_0,1
user_533,item_2,1
user_534,item_1,1
user_547,item_0,1
user_536,item_3,0
user_537,item_2,0
user_538,item_2,1
user_539,item_1,2
user_540,item_2,0
user_541,item_1,1
user_542,item_2,1
user_2802,item_2,1
user_544,item_2,2
user_545,item_0,1
user_546,item_2,1
user_547,item_0,0
user_548,item_2,3
user_549,item_3,1
user_550,item_1,0
user_3886,item_1,1
user_4329,item_1,0
user_553,item_3,1
user_554,item_3,1
user_555,item_3,2
user_3818,item_1,1
user_557,item_0,2
user_558,item_0,4
user_559,item_2,0
user_560,item_2,1
user_561,item_2,1
user_562,item_2,2
user_563,item_0,1
user_564,item_2,5
user_565,item_2,1
user_566,item_1,0
user_567,item_3,6
user_568,item_1,0
user_569,item_1,3
user_570,item_1,2
user_571,item_3,1
user_572,item_0,1
user_573,item_1,1
user_574,item_2,0
user_575,item_1,0
user_3900,item_2,0
user_577,item_2,1
user_578,item_3,1
user_579,item_1,5
user_580,item_2,2
user_581,item_0,3
user_582,item_0,3
user_583,item_2,2
user_584,item_2,2
user_585,item_2,1
user_586,item_0,1
user_587,item_2,2
user_588,item_3,4
user_1394,item_0,1
user_590,item_2,2
user_591,item_3,0
user_592,item_0,0
user_593,item_3,0
user_594,item_3,3
user_595,item_2,2
user_596,item_0,5
user_597,item_3,2
user_2714,item_0,0
user_4423,item_3,1
user_600,item_0,0
user_601,item_0,1
user_602,item_0,2
user_603,item_3,2
user_604,item_1,2
user_605,item_0,1
user_606,item_2,1
user_607,item_3,1
user_608,item_3,0
user_609,item_3,1
user_610,item_2,2
user_611,item_0,3
user_612,item_3,2
user_613,item_3,2
user_614,item_0,1
user_615,item_2,4
user_616,item_3,1
user_617,item_2,1
user_618,item_3,2
user_619,item_0,3
user_620,item_0,2
user_621,item_3,1
user_622,item_2,3
user_623,item_1,1
user_624,item_0,3
user_625,item_0,1
user_626,item_0,2
user_627,item_2,5
user_628,item_0,0
user_629,item_0,1
user_630,item_2,2
user_631,item_1,4
user_632,item_2,1
user_633,item_3,1
user_634,item_2,3
user_635,item_3,1
user_636,item_1,2
user_637,item_2,2
user_638,item_2,2
user_639,item_0,7
user_640,item_3,0
user_641,item_0,2
user_642,item_0,3
user_643,item_2,1
user_644,item_2,3
user_645,item_3,6
user_646,item_3,1
user_647,item_2,4
user_648,item_0,0
user_649,item_3,1
user_650,item_0,1
user_651,item_2,2
user_652,item_2,8
user_653,item_1,2
user_654,item_1,1
user_655,item_0,3
user_656,item_1,4
user_657,item_1,5
user_658,item_0,0
user_659,item_1,3
user_660,item_2,1
user_661,item_2,1
user_2993,item_1,1
user_663,item_2,2
user_664,item_1,5
user_665,item_0,1
user_666,item_1,1
user_667,item_3,2
user_668,item_1,1
user_669,item_2,3
user_670,item_1,2
user_671,item_3,0
user_672,item_3,1
user_673,item_2,3
user_674,item_3,3
user_675,item_2,7
user_676,item_3,1
user_677,item_0,0
user_678,item_0,0
user_679,item_0,3
user_680,item_0,1
user_681,item_3,1
user_4129,item_3,1
user_683,item_0,3
user_684,item_0,0
user_685,item_2,0
user_686,item_1,0
user_687,item_1,0
user_688,item_2,1
user_689,item_1,1
user_690,item_2,2
user_691,item_3,1
user_692,item_2,3
user_693,item_2,1
user_694,item_3,3
user_695,item_0,8
user_696,item_2,0
user_697,item_1,0
user_698,item_0,1
user_699,item_1,2
user_700,item_2,6
user_701,item_1,4
user_702,item_3,1
user_703,item_3,2
user_704,item_2,1
user_705,item_1,0
user_4440,item_1,1
user_4884,item_0,0
user_708,item_0,2
user_709,item_2,0
user_710,item_2,3
user_711,item_1,2
user_712,item_2,3
user_713,item_3,8
user_714,item_3,0
user_715,item_3,2
user_716,item_0,1
user_717,item_1,1
user_718,item_2,1
user_719,item_3,2
user_720,item_2,0
user_721,item_1,1
user_722,item_2,8
user_723,item_0,1
user_724,item_1,1
user_725,item_2,0
user_726,item_1,3
user_727,item_0,1
user_728,item_0,1
user_729,item_2,0
user_730,item_2,3
user_731,item_3,3
user_732,item_0,2
user_733,item_3,1
user_734,item_3,1
user_735,item_0,1
user_736,item_1,1
user_737,item_3,0
user_1527,item_1,1
user_739,item_2,3
user_740,item_3,1
user_741,item_3,2
user_742,item_0,2
user_743,item_2,3
user_744,item_3,0
user_745,item_2,2
user_746,item_3,1
user_747,item_0,3
user_748,item_2,1
user_4519,item_1,1
user_750,item_1,4
user_751,item_0,1
user_752,item_1,0
user_753,item_1,1
user_754,item_1,1
user_755,item_3,2
user_756,item_3,1
user_757,item_1,0
user_758,item_3,2
user_759,item_1,4
user_760,item_0,1
user_761,item_3,1
user_762,item_3,0
user_763,item_3,4
user_764,item_2,5
user_765,item_1,2
user_766,item_0,2
user_767,item_3,0
user_768,item_3,0
user_769,item_3,1
user_770,item_3,0
user_771,item_3,2
user_772,item_2,2
user_773,item_2,3
user_774,item_2,0
user_775,item_1,1
user_776,item_0,1
user_777,item_0,2
user_778,item_2,1
user_779,item_3,6
user_780,item_1,3
user_781,item_2,4
user_782,item_1,1
user_783,item_2,3
user_784,item_1,0
user_785,item_1,1
user_786,item_3,0
user_787,item_0,1
user_788,item_2,4
user_789,item_2,1
user_790,item_3,1
user_791,item_2,2
user_792,item_2,2
user_793,item_0,4
user_794,item_3,3
user_795,item_2,5
user_796,item_2,1
user_797,item_2,3
user_798,item_1,2
user_799,item_1,1
user_800,item_0,1
user_801,item_0,2
user_802,item_2,1
user_803,item_0,2
user_804,item_2,3
user_805,item_2,1
user_806,item_1,2
user_807,item_0,0
user_808,item_1,0
user_809,item_2,1
user_810,item_3,4
user_811,item_1,4
user_812,item_1,1
user_813,item_3,0
user_814,item_0,1
user_815,item_1,2
user_816,item_1,1
user_817,item_1,1
user_818,item_0,3
user_3489,item_0,1
user_820,item_0,2
user_821,item_2,2
user_822,item_1,0
user_823,item_1,3
user_2885,item_1,2
user_825,item_0,1
user_826,item_3,1
user_827,item_3,5
user_828,item_3,1
user_829,item_2,4
user_830,item_0,3
user_831,item_3,0
user_832,item_2,3
user_833,item_3,2
user_834,item_0,0
user_835,item_0,1
user_836,item_3,0
user_837,item_3,0
user_838,item_1,6
user_839,item_0,2
user_840,item_0,2
user_841,item_0,2
user_842,item_0,1
user_4349,item_0,1
user_844,item_2,4
user_845,item_1,2
user_846,item_0,1
user_847,item_0,4
user_848,item_2,1
user_849,item_0,7
user_850,item_1,4
user_851,item_2,1
user_852,item_2,1
user_853,item_1,1
user_854,item_0,3
user_855,item_3,0
user_1555,item_3,0
user_857,item_2,0
user_858,item_3,1
user_859,item_2,1
user_860,item_2,1
user_2490,item_0,5
user_862,item_2,1
user_863,item_3,2
user_864,item_3,1
user_865,item_0,1
user_2874,item_0,5
user_867,item_1,1
user_868,item_3,2
user_869,item_0,1
user_870,item_1,0
user_871,item_1,1
user_872,item_3,2
user_873,item_0,2
user_874,item_2,0
user_875,item_0,1
user_876,item_1,5
user_877,item_1,1
user_878,item_0,1
user_879,item_3,4
user_880,item_1,6
user_881,item_0,2
user_882,item_1,1
user_883,item_2,1
user_884,item_3,1
user_885,item_3,1
user_886,item_0,5
user_887,item_1,0
user_888,item_1,0
user_889,item_2,4
user_890,item_0,1
user_891,item_2,7
user_892,item_1,2
user_893,item_0,7
user_894,item_1,1
user_895,item_1,1
user_896,item_3,2
user_897,item_0,1
user_898,item_3,3
user_4228,item_1,1
user_900,item_2,1
user_901,item_1,1
user_902,item_1,5
user_903,item_2,2
user_904,item_1,2
user_905,item_1,1
user_906,item_0,1
user_907,item_2,2
user_908,item_0,0
user_909,item_1,1
user_910,item_1,1
user_911,item_3,2
user_912,item_3,1
user_913,item_0,3
user_914,item_3,2
user_915,item_2,9
user_916,item_0,1
user_917,item_2,1
user_918,item_3,2
user_919,item_1,1
user_920,item_3,1
user_921,item_3,3
user_922,item_3,1
user_923,item_1,2
user_924,item_2,1
user_925,item_3,0
user_926,item_1,0
user_927,item_3,1
user_928,item_0,3
user_929,item_1,2
user_930,item_2,3
user_931,item_0,1
user_932,item_2,1
user_1177,item_1,1
user_2602,item_2,1
user_935,item_2,1
user_936,item_0,8
user_937,item_2,0
user_938,item_1,1
user_939,item_3,1
user_940,item_0,2
user_941,item_1,1
user_942,item_1,4
user_943,item_0,0
user_944,item_1,2
user_945,item_3,5
user_946,item_3,0
user_947,item_3,2
user_948,item_0,2
user_949,item_1,3
user_950,item_1,2
user_951,item_3,1
user_952,item_0,2
user_953,item_0,0
user_954,item_1,2
user_955,item_0,1
user_956,item_2,5
user_957,item_3,1
user_958,item_3,2
user_959,item_0,0
user_960,item_3,2
user_961,item_0,3
user_962,item_2,2
user_963,item_0,1
user_964,item_1,3
user_965,item_0,1
user_966,item_1,0
user_967,item_0,1
user_968,item_2,4
user_969,item_0,1
user_970,item_0,1
user_971,item_2,2
user_972,item_1,0
user_3095,item_3,2
user_974,item_0,0
user_975,item_0,6
user_976,item_0,8
user_977,item_3,1
user_978,item_3,1
user_979,item_2,0
user_980,item_0,0
user_981,item_1,2
user_982,item_0,2
user_983,item_2,1
user_984,item_0,5
user_985,item_0,1
user_986,item_0,3
user_987,item_0,2
user_988,item_0,3
user_989,item_2,2
user_990,item_3,5
user_991,item_2,3
user_992,item_1,1
user_3854,item_3,2
user_994,item_1,2
user_995,item_3,7
user_996,item_0,1
user_997,item_0,3
user_998,item_1,0
user_999,item_0,2
user_1000,item_1,9
user_1001,item_0,1
user_1002,item_0,3
user_1003,item_0,6
user_1004,item_2,2
user_1005,item_3,1
user_1006,item_0,3
user_1007,item_0,4
user_4245,item_1,1
user_1009,item_3,1
user_1010,item_2,3
user_1011,item_2,3
user_1012,item_0,3
user_1013,item_0,1
user_1014,item_1,0
user_1015,item_3,2
user_1016,item_1,4
user_1017,item_1,3
user_1018,item_1,1
user_1019,item_1,6
user_2593,item_3,2
user_1021,item_0,6
user_1022,item_2,2
user_1023,item_1,4
user_1024,item_3,3
user_1025,item_2,2
user_1026,item_0,2
user_1027,item_3,5
user_1028,item_3,5
user_1029,item_1,0
user_1030,item_2,2
user_1031,item_1,1
user_1032,item_0,3
user_1033,item_3,1
user_1034,item_3,1
user_1035,item_1,1
user_3395,item_0,7
user_4971,item_0,0
user_1038,item_0,1
user_1039,item_2,1
user_1040,item_2,1
user_1041,item_0,1
user_1042,item_2,0
user_1043,item_2,2
user_1044,item_0,2
user_1045,item_2,1
user_1046,item_2,5
user_1047,item_2,4
user_1048,item_2,3
user_1049,item_2,2
user_1050,item_1,4
user_1051,item_3,1
user_3940,item_2,3
user_1053,item_0,7
user_1054,item_3,1
user_1055,item_0,0
user_1056,item_2,1
user_1057,item_1,5
user_1058,item_3,1
user_1059,item_1,1
user_1060,item_1,1
user_1061,item_0,2
user_1062,item_0,7
user_1063,item_1,6
user_1064,item_0,2
user_4300,item_3,1
user_1066,item_1,6
user_1067,item_1,2
user_1068,item_1,1
user_1069,item_0,2
user_1070,item_3,5
user_1071,item_3,1
user_1072,item_0,1
user_1073,item_2,1
user_1074,item_3,0
user_1075,item_1,4
user_3617,item_0,1
user_1077,item_2,3
user_1078,item_0,1
user_1079,item_2,1
user_1080,item_3,2
user_3317,item_2,0
user_1082,item_3,2
user_1083,item_3,1
user_1084,item_1,2
user_4043,item_3,1
user_1086,item_1,2
user_1087,item_1,4
user_1088,item_2,0
user_1089,item_3,0
user_1090,item_1,1
user_1091,item_0,1
user_1092,item_3,3
user_1093,item_1,2
user_1094,item_3,4
user_1095,item_3,1
user_1096,item_2,2
user_1097,item_1,1
user_1098,item_0,1
user_1099,item_1,1
user_1100,item_3,0
user_1101,item_3,2
user_1102,item_0,7
user_4030,item_3,1
user_1104,item_0,3
user_1105,item_2,2
user_1106,item_2,1
user_1107,item_0,1
user_1108,item_1,5
user_1109,item_3,2
user_1110,item_1,1
user_1111,item_1,0
user_1112,item_0,4
user_1113,item_3,1
user_1114,item_0,0
user_1115,item_2,5
user_1116,item_0,0
user_1117,item_0,1
user_1118,item_1,1
user_1119,item_2,2
user_1120,item_0,1
user_1121,item_0,2
user_1122,item_3,2
user_1123,item_2,1
user_1124,item_3,1
user_1125,item_2,10
user_1126,item_0,3
user_1127,item_0,1
user_1128,item_0,0
user_1129,item_1,3
user_1130,item_3,3
user_1131,item_2,0
user_1132,item_3,1
user_1133,item_2,1
user_1134,item_2,3
user_4584,item_0,1
user_1136,item_1,2
user_1137,item_0,2
user_1138,item_0,1
user_1139,item_1,6
user_1140,item_3,0
user_1141,item_0,1
user_1142,item_0,1
user_1143,item_1,2
user_1144,item_3,1
user_1145,item_1,1
user_1146,item_3,1
user_1147,item_3,2
user_1148,item_2,1
user_1149,item_1,1
user_1150,item_1,3
user_1527,item_1,1
user_2365,item_0,1
user_1153,item_0,1
user_1154,item_1,4
user_1155,item_2,2
user_1156,item_0,3
user_1157,item_3,3
user_1158,item_1,1
user_1159,item_3,2
user_1160,item_1,0
user_1161,item_0,3
user_1162,item_0,1
user_1163,item_3,1
user_1164,item_1,1
user_1165,item_1,9
user_1166,item_2,0
user_2717,item_3,1
user_1168,item_3,3
user_1169,item_0,2
user_1170,item_3,4
user_1171,item_2,5
user_1172,item_1,1
user_1173,item_2,2
user_1174,item_3,1
user_1175,item_2,0
user_1176,item_1,0
user_1177,item_1,1
user_1178,item_0,1
user_1179,item_3,2
user_1180,item_0,1
user_1689,item_3,1
user_1182,item_1,3
user_1183,item_3,8
user_1184,item_0,2
user_1185,item_3,2
user_1186,item_1,1
user_1187,item_2,0
user_1188,item_0,0
user_1189,item_1,0
user_1190,item_0,4
user_1191,item_3,2
user_1192,item_0,2
user_1193,item_0,4
user_1194,item_0,3
user_1195,item_2,3
user_1196,item_3,3
user_1197,item_1,4
user_1198,item_0,1
user_1199,item_1,1
user_1200,item_0,2
user_1201,item_2,0
user_1202,item_2,2
user_1203,item_3,3
user_1204,item_3,1
user_1205,item_1,1
user_1206,item_3,1
user_1207,item_1,1
user_1208,item_0,5
user_1209,item_1,3
user_1210,item_0,1
user_1211,item_0,2
user_1212,item_2,1
user_3285,item_0,1
user_1214,item_0,2
user_1215,item_3,0
user_1216,item_1,3
user_1217,item_1,0
user_1218,item_2,1
user_1219,item_0,2
user_1220,item_0,0
user_1221,item_2,2
user_1222,item_3,3
user_1223,item_1,0
user_1224,item_1,2
user_1225,item_3,1
user_1226,item_3,1
user_3612,item_3,1
user_1228,item_3,0
user_1229,item_0,5
user_1230,item_2,2
user_1231,item_0,1
user_1232,item_1,3
user_1233,item_2,2
user_4328,item_1,1
user_1235,item_2,1
user_1236,item_0,2
user_4177,item_1,1
user_1238,item_1,3
user_1239,item_1,1
user_1240,item_3,9
user_1241,item_0,2
user_1242,item_3,1
user_1243,item_0,1
user_1244,item_0,2
user_1245,item_1,2
user_1246,item_0,7
user_1247,item_1,1
user_1248,item_2,1
user_1249,item_2,0
user_1250,item_3,0
user_1251,item_2,7
user_1252,item_3,1
user_1253,item_3,0
user_1254,item_0,1
user_3846,item_0,4
user_1517,item_3,1
user_1257,item_0,1
user_1258,item_2,3
user_1259,item_2,2
user_1260,item_2,2
user_1261,item_2,1
user_1262,item_2,2
user_1263,item_1,1
user_1527,item_1,1
user_1265,item_2,1
user_1266,item_3,3
user_1267,item_3,1
user_1268,item_3,6
user_1269,item_0,2
user_1270,item_3,0
user_1271,item_2,1
user_1272,item_1,2
user_1273,item_2,1
user_1274,item_0,2
user_1275,item_3,5
user_1276,item_1,3
user_1277,item_0,2
user_1278,item_1,4
user_1279,item_3,1
user_1280,item_3,0
user_1281,item_3,3
user_1282,item_3,1
user_1283,item_1,8
user_1284,item_3,1
user_1285,item_0,4
user_1286,item_0,0
user_1287,item_0,0
user_1288,item_2,1
user_1289,item_0,4
user_1290,item_2,6
user_1291,item_1,1
user_1292,item_1,1
user_1293,item_0,3
user_1294,item_3,2
user_1295,item_1,3
user_1296,item_2,9
user_1297,item_3,0
user_1298,item_2,6
user_1299,item_3,1
user_1300,item_0,2
user_1301,item_2,4
user_1302,item_3,1
user_1303,item_2,1
user_3317,item_2,0
user_1305,item_0,4
user_1306,item_2,2
user_1307,item_0,2
user_1308,item_1,1
user_1309,item_0,2
user_1310,item_0,0
user_1311,item_3,2
user_4654,item_0,1
user_1313,item_0,1
user_1314,item_1,1
user_4308,item_1,1
user_1316,item_0,1
user_1317,item_0,2
user_1318,item_3,0
user_2777,item_1,1
user_1320,item_3,2
user_1321,item_0,0
user_1322,item_1,2
user_1323,item_1,0
user_3180,item_3,0
user_1325,item_3,3
user_4618,item_1,2
user_1327,item_0,3
user_1328,item_3,2
user_1329,item_3,0
user_1330,item_2,1
user_1331,item_1,0
user_1332,item_0,3
user_1333,item_0,2
user_4815,item_0,0
user_1335,item_2,1
user_1336,item_2,1
user_1337,item_0,2
user_1338,item_2,2
user_1339,item_0,1
user_1340,item_1,1
user_1341,item_3,0
user_1342,item_1,3
user_1343,item_0,0
user_1344,item_1,2
user_1345,item_3,1
user_1346,item_1,1
user_1347,item_1,1
user_1348,item_2,2
user_1349,item_1,3
user_1350,item_0,1
user_1351,item_1,1
user_1352,item_0,1
user_1353,item_1,0
user_1354,item_2,5
user_1355,item_2,2
user_1356,item_2,6
user_1357,item_3,1
user_1358,item_3,2
user_1359,item_3,5
user_1360,item_3,0
user_1361,item_1,5
user_1362,item_1,3
user_1363,item_1,1
user_1364,item_2,7
user_1365,item_3,1
user_1366,item_2,1
user_1367,item_0,0
user_1368,item_1,1
user_1369,item_0,2
user_1370,item_2,0
user_1371,item_2,1
user_1372,item_1,1
user_3238,item_1,0
user_1374,item_3,2
user_1375,item_3,1
user_1376,item_0,2
user_1377,item_0,0
user_1378,item_2,1
user_1379,item_2,3
user_1380,item_3,1
user_1381,item_3,0
user_1382,item_2,3
user_1383,item_1,1
user_4451,item_1,0
user_1385,item_3,8
user_1386,item_0,1
user_1387,item_3,1
user_1388,item_1,0
user_1389,item_2,2
user_1390,item_2,2
user_1391,item_3,0
user_1392,item_1,0
user_1393,item_2,6
user_1394,item_0,1
user_1395,item_0,3
user_1396,item_1,0
user_1397,item_0,1
user_1398,item_2,5
user_1399,item_3,1
user_1400,item_3,4
user_1401,item_2,0
user_1402,item_2,1
user_1403,item_2,1
user_1404,item_1,2
user_1405,item_2,1
user_1406,item_1,3
user_1407,item_0,2
user_1408,item_0,2
user_1409,item_0,1
user_1410,item_0,2
user_1411,item_0,0
user_1412,item_3,1
user_1413,item_2,6
user_1414,item_2,1
user_1415,item_2,3
user_1416,item_1,1
user_1417,item_2,2
user_1418,item_0,1
user_1419,item_0,4
user_1420,item_1,2
user_4587,item_2,2
user_1422,item_2,1
user_1423,item_1,2
user_1424,item_1,2
user_1425,item_3,1
user_1426,item_2,1
user_2846,item_1,2
user_1428,item_0,2
user_1429,item_1,1
user_1430,item_3,0
user_1431,item_3,3
user_1432,item_1,0
user_1433,item_2,0
user_1434,item_2,1
user_1435,item_2,2
user_1436,item_2,0
user_1437,item_0,1
user_1438,item_2,0
user_1439,item_3,1
user_1440,item_2,2
user_1441,item_2,8
user_1442,item_3,1
user_1443,item_0,1
user_1444,item_2,3
user_1445,item_0,2
user_1446,item_1,3
user_1447,item_2,1
user_1448,item_0,4
user_1449,item_0,1
user_1450,item_2,1
user_1451,item_3,1
user_1452,item_2,2
user_1453,item_1,2
user_4322,item_3,0
user_1455,item_2,6
user_1456,item_3,1
user_1457,item_2,0
user_1458,item_0,5
user_1459,item_3,2
user_1460,item_2,0
user_1461,item_1,2
user_1462,item_2,0
user_1463,item_3,2
user_1464,item_2,0
user_3411,item_2,2
user_1466,item_1,1
user_1467,item_0,7
user_1468,item_1,1
user_1469,item_1,0
user_1470,item_0,3
user_1471,item_0,2
user_1472,item_3,7
user_1473,item_3,2
user_1474,item_1,2
user_1475,item_3,4
user_1476,item_3,1
user_1477,item_0,0
user_1478,item_3,1
user_1479,item_2,1
user_1480,item_1,0
user_1481,item_2,1
user_1482,item_1,2
user_1483,item_3,3
user_1484,item_0,2
user_3940,item_2,3
user_1486,item_2,1
user_1487,item_1,1
user_1488,item_1,1
user_1489,item_1,1
user_1490,item_3,1
user_1491,item_0,5
user_1492,item_0,1
user_1493,item_0,1
user_1494,item_2,0
user_1495,item_1,1
user_1496,item_2,2
user_1497,item_3,0
user_4658,item_3,1
user_1499,item_1,2
user_1500,item_3,1
user_1501,item_3,0
user_1502,item_1,3
user_1503,item_3,1
user_1504,item_0,2
user_1505,item_2,3
user_1506,item_2,2
user_1507,item_2,1
user_1508,item_2,3
user_4208,item_2,9
user_1510,item_0,2
user_1511,item_2,0
user_1512,item_1,1
user_1513,item_0,1
user_1514,item_3,3
user_1515,item_2,2
user_1516,item_3,5
user_1517,item_3,1
user_1518,item_0,0
user_1519,item_2,1
user_1520,item_3,3
user_1521,item_3,2
user_1522,item_2,0
user_1523,item_0,5
user_1524,item_3,1
user_1525,item_3,6
user_1526,item_1,3
user_1527,item_1,1
user_1528,item_0,1
user_1529,item_0,1
user_1530,item_1,4
user_1531,item_1,1
user_1532,item_0,3
user_4328,item_1,0
user_1534,item_2,1
user_1535,item_1,1
user_1536,item_2,9
user_1537,item_3,1
user_1538,item_1,6
user_1539,item_2,3
user_1540,item_3,2
user_1541,item_0,1
user_1542,item_2,3
user_1543,item_1,3
user_1544,item_3,0
user_1545,item_1,1
user_1546,item_3,2
user_1547,item_0,3
user_1548,item_3,2
user_3612,item_3,0
user_1550,item_3,0
user_1551,item_2,0
user_1552,item_0,0
user_1553,item_1,2
user_1554,item_1,1
user_1555,item_3,1
user_1556,item_0,3
user_1557,item_2,3
user_1558,item_2,1
user_1559,item_3,0
user_1560,item_0,1
user_1561,item_3,1
user_1562,item_1,1
user_1563,item_2,2
user_1564,item_0,1
user_1565,item_1,0
user_1566,item_0,1
user_1567,item_1,1
user_1568,item_2,3
user_1569,item_0,0
user_1570,item_3,2
user_1571,item_2,0
user_1572,item_1,2
user_1573,item_1,1
user_1574,item_1,4
user_1575,item_2,6
user_1576,item_3,0
user_1577,item_1,0
user_1578,item_1,1
user_1579,item_2,0
user_1580,item_1,2
user_1581,item_1,1
user_1582,item_0,2
user_1583,item_0,3
user_1584,item_0,5
user_1585,item_1,2
user_1586,item_1,1
user_1587,item_3,1
user_4815,item_0,0
user_1589,item_3,0
user_1590,item_3,1
user_1591,item_0,2
user_1592,item_1,1
user_1593,item_3,1
user_1594,item_2,0
user_1595,item_3,2
user_1596,item_0,4
user_1597,item_1,8
user_1598,item_0,2
user_1599,item_2,1
user_1600,item_0,1
user_1601,item_0,1
user_1602,item_2,1
user_1603,item_2,1
user_1604,item_0,1
user_1605,item_1,1
user_1606,item_1,2
user_1607,item_0,3
user_1608,item_3,1
user_1609,item_1,1
user_3938,item_2,1
user_1611,item_1,1
user_1612,item_0,2
user_1613,item_3,4
user_1614,item_0,3
user_1615,item_2,0
user_1616,item_1,1
user_1617,item_0,2
user_1618,item_1,1
user_2763,item_2,4
user_1620,item_2,0
user_1621,item_1,1
user_2483,item_1,4
user_1623,item_3,4
user_1624,item_3,0
user_1625,item_1,0
user_1626,item_1,0
user_1627,item_2,2
user_1628,item_3,1
user_1629,item_2,1
user_1630,item_0,1
user_1631,item_1,0
user_1632,item_2,1
user_1633,item_2,0
user_1634,item_2,5
user_1635,item_0,0
user_1636,item_0,1
user_1637,item_0,0
user_1638,item_2,0
user_1639,item_0,1
user_1640,item_2,0
user_4090,item_3,2
user_1642,item_0,2
user_1643,item_1,1
user_1644,item_3,2
user_1645,item_1,1
user_1646,item_3,0
user_1647,item_1,1
user_1648,item_2,1
user_1649,item_1,3
user_1650,item_0,3
user_1651,item_2,1
user_1652,item_2,1
user_1653,item_2,4
user_1654,item_0,1
user_1655,item_3,1
user_1656,item_3,0
user_1657,item_2,0
user_1658,item_0,2
user_1659,item_3,0
user_1660,item_0,6
user_1661,item_0,0
user_1662,item_3,1
user_1663,item_3,3
user_1664,item_1,3
user_1665,item_2,0
user_1666,item_0,2
user_1667,item_3,1
user_1668,item_0,1
user_1669,item_1,1
user_1670,item_0,0
user_1671,item_2,2
user_1672,item_1,1
user_1673,item_3,4
user_1674,item_0,2
user_1675,item_1,1
user_1676,item_3,1
user_1677,item_0,5
user_3317,item_2,0
user_1679,item_0,1
user_1680,item_2,1
user_1681,item_0,3
user_1682,item_0,1
user_1683,item_3,0
user_1684,item_1,1
user_1685,item_0,4
user_1686,item_3,1
user_1687,item_3,2
user_1688,item_1,0
user_1689,item_3,1
user_1690,item_1,1
user_1691,item_1,3
user_1692,item_3,0
user_1693,item_3,0
user_1694,item_1,6
user_1695,item_3,2
user_1696,item_1,1
user_1697,item_0,2
user_1698,item_1,1
user_1699,item_2,3
user_1700,item_0,0
user_4101,item_0,3
user_1702,item_3,1
user_1703,item_3,2
user_1704,item_0,1
user_1705,item_1,1
user_1706,item_0,1
user_3343,item_3,1
user_1708,item_2,0
user_1709,item_1,5
user_1710,item_0,3
user_1711,item_3,1
user_1712,item_3,0
user_1713,item_1,1
user_1714,item_0,1
user_1715,item_0,1
user_1716,item_3,3
user_1717,item_2,5
user_1718,item_0,0
user_1719,item_3,4
user_1720,item_0,4
user_1721,item_3,2
user_1722,item_0,1
user_1723,item_2,0
user_1724,item_3,3
user_4654,item_0,1
user_1726,item_2,7
user_1727,item_3,1
user_1728,item_3,0
user_1729,item_2,3
user_1730,item_3,5
user_1731,item_2,1
user_1732,item_1,1
user_1733,item_1,2
user_1734,item_2,3
user_1735,item_0,1
user_1736,item_2,1
user_1737,item_2,3
user_1738,item_0,1
user_1739,item_1,0
user_1740,item_3,3
user_1741,item_0,4
user_1742,item_3,0
user_1743,item_0,0
user_1772,item_3,0
user_1745,item_1,1
user_1746,item_0,1
user_1747,item_3,0
user_1748,item_1,4
user_1749,item_2,1
user_1750,item_2,1
user_1751,item_1,4
user_1752,item_0,3
user_1753,item_3,0
user_1754,item_1,2
user_1755,item_3,2
user_1756,item_0,1
user_1757,item_0,2
user_1758,item_3,8
user_1759,item_3,2
user_1760,item_3,2
user_1761,item_3,1
user_1762,item_2,0
user_1763,item_3,0
user_1764,item_2,1
user_1765,item_2,0
user_1766,item_1,2
user_1767,item_1,1
user_1768,item_3,0
user_1769,item_2,1
user_1770,item_1,0
user_1771,item_1,0
user_1772,item_3,1
user_1773,item_1,0
user_1774,item_2,5
user_1775,item_0,2
user_1776,item_0,1
user_1777,item_2,0
user_1778,item_0,1
user_1779,item_2,0
user_1780,item_2,5
user_1781,item_2,3
user_1782,item_0,2
user_1783,item_0,1
user_1784,item_2,4
user_1785,item_2,1
user_1786,item_3,1
user_1787,item_2,2
user_2990,item_0,1
user_1789,item_0,14
user_1790,item_0,1
user_1791,item_3,2
user_1792,item_3,1
user_1793,item_3,4
user_1794,item_1,3
user_1795,item_1,8
user_1796,item_0,5
user_1797,item_3,6
user_1798,item_3,3
user_1799,item_2,5
user_1800,item_3,1
user_1801,item_0,2
user_1802,item_0,1
user_1803,item_1,1
user_1804,item_1,2
user_1805,item_3,1
user_1806,item_3,0
user_1807,item_2,1
user_1808,item_2,2
user_1809,item_2,2
user_1810,item_3,1
user_1811,item_0,0
user_1812,item_2,0
user_1813,item_3,0
user_1814,item_0,2
user_1815,item_1,1
user_3503,item_2,1
user_1817,item_0,1
user_1818,item_3,2
user_1819,item_0,1
user_1820,item_1,0
user_1821,item_1,4
user_1822,item_1,1
user_3095,item_3,6
user_1824,item_2,3
user_1825,item_3,1
user_1826,item_2,1
user_1827,item_1,1
user_1828,item_1,2
user_1829,item_3,0
user_1830,item_2,0
user_1831,item_1,7
user_1832,item_1,1
user_1833,item_3,1
user_1834,item_3,1
user_1835,item_3,2
user_1836,item_3,1
user_1837,item_3,1
user_1838,item_3,3
user_1839,item_1,0
user_1840,item_1,1
user_1841,item_1,1
user_1842,item_2,2
user_1843,item_1,1
user_1844,item_1,0
user_1845,item_3,1
user_1846,item_0,0
user_4239,item_1,4
user_1848,item_0,5
user_1849,item_2,3
user_1850,item_2,1
user_1851,item_3,2
user_1852,item_0,5
user_1853,item_1,1
user_1854,item_1,1
user_1855,item_3,0
user_1856,item_3,1
user_1857,item_0,1
user_4245,item_1,1
user_1859,item_0,2
user_1860,item_2,3
user_1861,item_0,0
user_1862,item_3,1
user_1863,item_0,1
user_1864,item_0,0
user_1865,item_2,1
user_1866,item_3,3
user_1867,item_0,3
user_1868,item_2,6
user_1869,item_3,0
user_1870,item_0,1
user_1871,item_1,0
user_1872,item_0,1
user_1873,item_1,2
user_1874,item_3,1
user_1875,item_1,0
user_1876,item_2,3
user_1877,item_0,1
user_1878,item_0,2
user_1879,item_1,1
user_1880,item_1,1
user_1881,item_0,3
user_4819,item_0,1
user_1883,item_2,5
user_1884,item_1,1
user_1885,item_3,1
user_1886,item_3,1
user_1887,item_2,3
user_1888,item_3,1
user_1889,item_3,1
user_2931,item_1,1
user_4831,item_2,2
user_1892,item_1,1
user_1893,item_1,0
user_1894,item_3,2
user_1895,item_3,5
user_1896,item_1,1
user_1897,item_1,3
user_1898,item_3,2
user_2714,item_0,1
user_1900,item_3,1
user_1901,item_3,4
user_1902,item_2,2
user_1903,item_0,2
user_1904,item_3,1
user_1905,item_3,5
user_1906,item_3,8
user_1907,item_1,0
user_1908,item_2,1
user_1909,item_1,3
user_1910,item_1,1
user_1911,item_0,1
user_1912,item_1,1
user_1913,item_1,1
user_1914,item_1,1
user_1915,item_1,1
user_1916,item_0,1
user_1917,item_1,1
user_1918,item_2,3
user_1919,item_3,0
user_1920,item_0,2
user_1921,item_0,0
user_1922,item_1,2
user_1923,item_2,1
user_1924,item_1,2
user_2484,item_3,2
user_1926,item_2,2
user_1927,item_0,3
user_1928,item_1,1
user_1929,item_0,0
user_1930,item_2,2
user_1931,item_1,2
user_1932,item_3,2
user_1933,item_3,0
user_1934,item_0,1
user_1935,item_1,1
user_1936,item_2,3
user_1937,item_0,2
user_1938,item_2,8
user_1939,item_0,4
user_1940,item_1,3
user_1941,item_1,4
user_1942,item_3,1
user_1943,item_0,0
user_1944,item_0,3
user_1945,item_3,1
user_1946,item_0,2
user_1947,item_3,0
user_1948,item_1,2
user_1949,item_1,1
user_1950,item_0,1
user_1951,item_1,0
user_1952,item_2,3
user_1953,item_3,1
user_1954,item_2,2
user_1955,item_3,1
user_1956,item_2,1
user_1957,item_3,0
user_1958,item_1,1
user_1959,item_3,0
user_1960,item_3,1
user_4817,item_1,0
user_1962,item_0,3
user_1963,item_0,0
user_1964,item_1,1
user_1965,item_2,4
user_1966,item_0,1
user_1967,item_1,1
user_1968,item_0,0
user_1969,item_2,3
user_1970,item_2,2
user_1971,item_2,2
user_1972,item_2,5
user_1973,item_1,1
user_1974,item_0,4
user_1975,item_0,2
user_1976,item_2,1
user_1977,item_3,1
user_1978,item_3,2
user_1979,item_1,0
user_1980,item_3,0
user_1981,item_1,0
user_1982,item_1,2
user_3623,item_3,1
user_1984,item_2,0
user_1985,item_2,2
user_1986,item_2,1
user_1987,item_3,1
user_1988,item_0,0
user_1989,item_0,1
user_3854,item_3,2
user_1991,item_0,2
user_1992,item_1,3
user_1993,item_0,0
user_1994,item_3,1
user_1995,item_2,4
user_1996,item_1,2
user_1997,item_2,2
user_1998,item_3,5
user_1999,item_1,2
user_2000,item_2,1
user_2001,item_2,4
user_2002,item_1,0
user_2003,item_1,2
user_2004,item_0,5
user_2005,item_3,1
user_2006,item_1,1
user_2007,item_3,0
user_2008,item_3,2
user_2009,item_3,2
user_2010,item_3,2
user_2011,item_0,1
user_2012,item_0,3
user_2013,item_2,1
user_2014,item_1,1
user_2015,item_2,3
user_2016,item_3,1
user_2017,item_1,1
user_2018,item_1,3
user_2019,item_2,1
user_2020,item_3,1
user_2021,item_3,1
user_2022,item_3,4
user_2023,item_1,1
user_2024,item_0,1
user_2025,item_1,1
user_2026,item_1,2
user_2027,item_3,0
user_2028,item_3,6
user_2029,item_2,2
user_2030,item_3,2
user_2031,item_1,1
user_2032,item_1,2
user_2033,item_0,0
user_2034,item_0,3
user_2035,item_0,1
user_2036,item_0,0
user_2037,item_2,2
user_2038,item_1,1
user_2039,item_0,3
user_2040,item_1,3
user_2041,item_3,1
user_2042,item_1,1
user_2043,item_2,2
user_2044,item_1,3
user_2045,item_2,1
user_2046,item_3,4
user_2047,item_2,1
user_2048,item_0,1
user_2049,item_0,1
user_2050,item_2,0
user_2051,item_2,0
user_2052,item_2,1
user_2053,item_3,2
user_2054,item_2,0
user_2055,item_0,1
user_2056,item_3,4
user_2057,item_1,6
user_2058,item_1,1
user_2059,item_3,1
user_2060,item_1,6
user_2061,item_1,2
user_2062,item_3,2
user_2063,item_1,2
user_2064,item_3,2
user_2065,item_0,5
user_2066,item_0,2
user_2067,item_1,1
user_2068,item_1,2
user_2069,item_2,6
user_2070,item_2,2
user_2071,item_2,1
user_2072,item_2,2
user_4687,item_3,3
user_2074,item_3,2
user_2075,item_0,4
user_2076,item_1,2
user_2077,item_0,2
user_2078,item_0,1
user_4511,item_0,0
user_2080,item_0,1
user_2081,item_3,1
user_2082,item_0,2
user_2083,item_2,2
user_2084,item_0,0
user_2085,item_2,4
user_4658,item_3,1
user_2087,item_0,2
user_2088,item_2,1
user_2089,item_3,1
user_2090,item_2,6
user_2091,item_0,3
user_2092,item_3,0
user_2288,item_1,1
user_2094,item_3,3
user_2095,item_2,1
user_2096,item_0,1
user_2097,item_1,1
user_2098,item_1,0
user_2099,item_0,3
user_2100,item_2,3
user_2101,item_1,0
user_2102,item_3,3
user_2103,item_2,0
user_2104,item_0,2
user_2105,item_3,4
user_2106,item_1,2
user_2107,item_1,3
user_2108,item_0,3
user_2109,item_3,0
user_2110,item_3,0
user_2111,item_3,5
user_2112,item_0,1
user_2113,item_1,1
user_2114,item_2,4
user_2115,item_2,4
user_2116,item_0,1
user_2117,item_0,1
user_2118,item_2,2
user_2119,item_2,6
user_2120,item_1,4
user_2121,item_1,2
user_2122,item_3,1
user_2123,item_2,1
user_2124,item_3,1
user_2125,item_2,0
user_2126,item_0,1
user_2127,item_0,1
user_2128,item_3,3
user_2129,item_1,1
user_2130,item_3,1
user_2131,item_0,1
user_2132,item_3,5
user_2133,item_2,1
user_2134,item_1,1
user_2135,item_1,3
user_2136,item_2,0
user_2137,item_3,0
user_2138,item_0,3
user_2139,item_1,1
user_2140,item_0,2
user_2141,item_0,3
user_2142,item_1,2
user_2143,item_3,1
user_2144,item_3,3
user_2145,item_3,2
user_2146,item_0,1
user_2147,item_2,3
user_2148,item_0,4
user_2149,item_1,1
user_2150,item_0,1
user_2151,item_0,3
user_2152,item_3,3
user_2153,item_0,4
user_2154,item_2,2
user_2155,item_3,3
user_2156,item_0,4
user_2157,item_3,0
user_2158,item_1,2
user_2159,item_0,0
user_2160,item_0,2
user_2161,item_2,1
user_3858,item_2,2
user_2163,item_3,3
user_2164,item_3,6
user_2165,item_1,2
user_2166,item_2,3
user_2167,item_0,5
user_2168,item_2,3
user_2169,item_1,3
user_2170,item_3,2
user_2171,item_0,7
user_4121,item_2,0
user_2173,item_1,2
user_2174,item_3,3
user_2175,item_0,1
user_2176,item_1,1
user_2177,item_3,6
user_4551,item_1,1
user_2179,item_1,7
user_2180,item_1,1
user_2181,item_0,0
user_2182,item_2,0
user_2183,item_2,4
user_2184,item_0,2
user_2185,item_3,5
user_2186,item_2,6
user_4904,item_1,0
user_2935,item_3,0
user_2189,item_1,3
user_2190,item_0,1
user_2191,item_1,1
user_2192,item_3,1
user_2193,item_3,1
user_2194,item_3,1
user_2195,item_0,3
user_2196,item_1,0
user_3395,item_0,1
user_2198,item_0,0
user_2199,item_0,2
user_2200,item_0,0
user_2201,item_3,1
user_2202,item_2,1
user_2203,item_1,0
user_2204,item_1,1
user_2205,item_3,2
user_2206,item_0,1
user_2207,item_2,3
user_2208,item_3,1
user_3024,item_2,1
user_2210,item_1,1
user_2211,item_1,7
user_2212,item_3,2
user_2213,item_0,2
user_2214,item_0,1
user_2215,item_2,5
user_2216,item_2,2
user_2217,item_3,2
user_3720,item_3,1
user_2219,item_2,1
user_2220,item_0,7
user_2221,item_2,2
user_2222,item_3,1
user_2223,item_1,4
user_2224,item_3,2
user_2225,item_3,1
user_2226,item_2,2
user_2227,item_2,4
user_2228,item_3,1
user_2229,item_2,2
user_2230,item_2,3
user_2231,item_3,3
user_2232,item_3,0
user_2233,item_1,2
user_2234,item_0,2
user_2235,item_3,1
user_2236,item_3,1
user_3284,item_1,0
user_2238,item_1,1
user_2239,item_2,0
user_2240,item_3,4
user_2241,item_0,4
user_2242,item_0,3
user_2243,item_3,1
user_2244,item_2,2
user_2245,item_2,5
user_2246,item_2,1
user_2247,item_1,1
user_2248,item_2,2
user_2249,item_3,1
user_2250,item_2,1
user_2251,item_0,5
user_2252,item_2,2
user_2253,item_1,1
user_2254,item_1,1
user_2255,item_3,3
user_2256,item_2,4
user_2257,item_0,0
user_2258,item_2,0
user_2259,item_3,3
user_2260,item_2,3
user_2261,item_0,5
user_2262,item_3,5
user_2263,item_0,1
user_2264,item_0,0
user_2265,item_2,3
user_2266,item_1,2
user_2267,item_3,2
user_2268,item_2,0
user_2269,item_1,0
user_2270,item_2,1
user_2271,item_0,5
user_2272,item_2,1
user_2273,item_0,3
user_2274,item_3,0
user_2275,item_1,1
user_2276,item_1,1
user_2277,item_2,0
user_2278,item_2,1
user_4948,item_3,2
user_2280,item_2,2
user_2281,item_2,1
user_4101,item_0,2
user_2283,item_0,2
user_3818,item_1,1
user_2285,item_2,5
user_2286,item_3,1
user_2287,item_1,1
user_2288,item_1,1
user_2289,item_2,0
user_2290,item_0,1
user_2291,item_0,1
user_2292,item_0,0
user_2293,item_3,0
user_2294,item_0,1
user_2295,item_0,5
user_2296,item_1,1
user_2297,item_1,8
user_2298,item_2,1
user_2299,item_1,0
user_2300,item_1,1
user_2301,item_3,1
user_2302,item_2,0
user_2303,item_1,5
user_2304,item_0,1
user_2305,item_0,1
user_4884,item_0,0
user_2307,item_1,4
user_2308,item_3,2
user_2309,item_2,3
user_2310,item_0,1
user_2311,item_0,1
user_2312,item_2,2
user_2313,item_3,3
user_2314,item_3,1
user_2315,item_2,2
user_2316,item_3,4
user_2317,item_2,2
user_2318,item_1,2
user_2319,item_1,5
user_2320,item_2,2
user_2321,item_3,1
user_2322,item_3,1
user_2323,item_2,3
user_2324,item_0,2
user_2325,item_1,4
user_2326,item_1,1
user_2327,item_3,1
user_2328,item_3,5
user_2329,item_3,0
user_2330,item_0,2
user_2331,item_0,1
user_2332,item_1,1
user_2333,item_2,0
user_2334,item_3,1
user_2335,item_0,2
user_2336,item_0,1
user_2337,item_0,0
user_2338,item_0,4
user_2339,item_1,4
user_2340,item_1,2
user_2341,item_0,2
user_2342,item_1,0
user_2343,item_0,1
user_2344,item_0,0
user_2345,item_3,1
user_2346,item_3,3
user_2347,item_3,2
user_2348,item_2,4
user_2349,item_3,1
user_2350,item_1,1
user_2351,item_3,1
user_2352,item_3,0
user_2353,item_0,0
user_2354,item_0,1
user_2355,item_2,2
user_2356,item_3,1
user_2357,item_3,3
user_2358,item_1,1
user_2359,item_2,1
user_2360,item_3,1
user_4511,item_0,0
user_2362,item_2,0
user_2363,item_1,4
user_2364,item_3,0
user_2365,item_0,1
user_2366,item_3,1
user_2367,item_2,2
user_2368,item_3,3
user_2369,item_1,3
user_2370,item_0,0
user_2371,item_2,1
user_2372,item_1,0
user_2373,item_3,3
user_2374,item_0,4
user_2375,item_2,2
user_2376,item_1,1
user_2377,item_3,0
user_2378,item_2,1
user_2379,item_3,2
user_2380,item_2,1
user_2381,item_1,6
user_2382,item_1,5
user_2383,item_2,3
user_2384,item_2,2
user_2385,item_0,0
user_2386,item_2,3
user_3677,item_1,1
user_2388,item_2,2
user_2389,item_2,3
user_2390,item_3,4
user_2391,item_1,10
user_2392,item_0,1
user_4420,item_3,1
user_2394,item_0,2
user_2395,item_1,1
user_2396,item_0,1
user_2397,item_3,0
user_2398,item_0,1
user_2399,item_1,0
user_2400,item_3,1
user_2401,item_3,2
user_2402,item_3,1
user_2403,item_2,2
user_2404,item_0,1
user_2405,item_3,1
user_2406,item_2,6
user_2407,item_0,1
user_2408,item_2,5
user_2409,item_1,1
user_2410,item_2,2
user_2411,item_1,2
user_2412,item_1,4
user_2413,item_2,2
user_2414,item_0,4
user_2415,item_3,1
user_2416,item_2,2
user_2417,item_3,5
user_4017,item_3,1
user_2419,item_2,2
user_2420,item_3,1
user_2421,item_2,0
user_2422,item_0,1
user_2423,item_0,3
user_4303,item_2,0
user_2425,item_1,2
user_2426,item_3,5
user_2427,item_0,5
user_2428,item_3,4
user_2429,item_2,0
user_2430,item_3,0
user_2431,item_3,1
user_2432,item_3,1
user_2433,item_3,3
user_2434,item_0,3
user_2435,item_1,3
user_2436,item_2,1
user_2437,item_0,3
user_2438,item_0,3
user_2439,item_3,1
user_2440,item_2,2
user_2441,item_3,1
user_2442,item_3,3
user_2443,item_2,2
user_2444,item_1,2
user_2445,item_1,6
user_2446,item_3,1
user_2447,item_0,5
user_2448,item_2,1
user_2449,item_3,1
user_2450,item_1,1
user_2451,item_0,3
user_2452,item_0,1
user_2453,item_0,4
user_2454,item_3,0
user_2455,item_3,1
user_2456,item_0,0
user_2457,item_1,2
user_2458,item_2,3
user_2459,item_0,1
user_2460,item_0,1
user_2461,item_0,1
user_2462,item_0,5
user_2463,item_1,3
user_2464,item_2,2
user_2465,item_2,3
user_2466,item_0,1
user_2467,item_1,0
user_2468,item_1,2
user_3902,item_2,1
user_2470,item_2,0
user_2471,item_2,1
user_2472,item_1,0
user_2473,item_3,0
user_2474,item_2,1
user_2475,item_2,0
user_2476,item_1,2
user_4778,item_0,1
user_2478,item_1,0
user_2479,item_0,1
user_2480,item_3,1
user_2481,item_1,6
user_2482,item_2,1
user_2483,item_1,3
user_2484,item_3,1
user_2485,item_2,2
user_2486,item_3,2
user_2487,item_2,0
user_2488,item_1,1
user_2489,item_1,1
user_2490,item_0,1
user_2491,item_3,2
user_2492,item_1,1
user_2493,item_3,0
user_2494,item_2,0
user_2495,item_2,1
user_2496,item_0,3
user_3024,item_2,3
user_2498,item_3,0
user_2499,item_2,0
user_2500,item_2,5
user_2501,item_0,1
user_2502,item_3,1
user_2503,item_1,0
user_2504,item_0,0
user_2505,item_1,1
user_2506,item_1,1
user_2507,item_1,0
user_2508,item_2,1
user_2545,item_1,1
user_2510,item_1,3
user_2511,item_3,4
user_2512,item_2,4
user_2513,item_3,4
user_2514,item_1,1
user_2914,item_2,2
user_2516,item_2,2
user_2517,item_0,3
user_2518,item_2,1
user_2519,item_2,5
user_2520,item_1,2
user_2521,item_1,1
user_3701,item_1,1
user_2523,item_0,6
user_2524,item_1,7
user_2525,item_1,2
user_2526,item_2,3
user_2527,item_2,0
user_2528,item_2,1
user_2529,item_2,4
user_2530,item_3,0
user_2531,item_1,0
user_2532,item_2,2
user_2533,item_0,2
user_2534,item_1,2
user_4809,item_1,1
user_2536,item_0,8
user_2537,item_0,1
user_2538,item_3,1
user_2539,item_2,1
user_2540,item_1,5
user_2541,item_3,2
user_2542,item_3,0
user_2543,item_3,6
user_2544,item_0,4
user_2545,item_1,3
user_2546,item_0,1
user_4526,item_1,0
user_2548,item_1,1
user_2549,item_3,2
user_2550,item_2,0
user_2551,item_0,2
user_2552,item_2,7
user_2553,item_0,0
user_2554,item_3,0
user_2555,item_0,4
user_2556,item_0,2
user_2557,item_0,1
user_2558,item_1,3
user_2559,item_2,1
user_2560,item_3,6
user_3577,item_1,3
user_3577,item_1,0
user_2563,item_2,3
user_2564,item_1,1
user_2565,item_3,1
user_2566,item_1,0
user_2567,item_0,2
user_2568,item_2,2
user_4975,item_2,2
user_2570,item_3,1
user_4831,item_2,1
user_2572,item_1,8
user_2573,item_1,2
user_2574,item_3,0
user_2575,item_2,5
user_2576,item_3,5
user_2577,item_1,0
user_2578,item_3,5
user_2579,item_0,1
user_2580,item_0,3
user_2581,item_3,1
user_3598,item_0,1
user_2583,item_1,0
user_2584,item_0,3
user_2585,item_2,1
user_2586,item_1,1
user_2587,item_2,1
user_2588,item_2,3
user_2589,item_1,3
user_2590,item_0,1
user_2591,item_2,1
user_2592,item_2,2
user_2593,item_3,1
user_2594,item_2,2
user_2595,item_0,7
user_2596,item_3,1
user_2597,item_1,2
user_2598,item_1,2
user_2599,item_2,0
user_2600,item_1,0
user_4440,item_1,0
user_2602,item_2,2
user_2603,item_1,0
user_2604,item_1,1
user_2605,item_3,3
user_2606,item_2,1
user_2607,item_1,0
user_2608,item_0,0
user_2609,item_0,4
user_2610,item_1,1
user_2611,item_0,2
user_2612,item_3,1
user_2613,item_2,2
user_2614,item_2,3
user_2615,item_1,8
user_2616,item_3,3
user_2617,item_3,1
user_2618,item_0,2
user_4948,item_3,1
user_2620,item_3,1
user_2621,item_3,0
user_2622,item_0,3
user_2623,item_0,2
user_2624,item_2,1
user_4934,item_1,5
user_2626,item_0,5
user_2627,item_1,2
user_2628,item_0,3
user_2629,item_0,1
user_2630,item_3,1
user_4618,item_1,2
user_2632,item_0,4
user_2633,item_2,2
user_2634,item_3,0
user_2635,item_0,1
user_2636,item_0,2
user_2637,item_2,1
user_2638,item_2,0
user_2639,item_2,2
user_2640,item_3,2
user_2641,item_3,0
user_2642,item_3,1
user_2643,item_0,7
user_2644,item_1,0
user_2645,item_2,2
user_2646,item_2,0
user_2647,item_0,1
user_2648,item_3,1
user_2649,item_1,3
user_2650,item_0,0
user_2651,item_3,6
user_2652,item_3,1
user_2653,item_2,1
user_2654,item_3,2
user_2655,item_3,0
user_4199,item_2,0
user_2657,item_0,2
user_2658,item_2,1
user_2659,item_1,2
user_2660,item_2,6
user_2661,item_1,2
user_2662,item_2,1
user_2663,item_0,4
user_2664,item_1,4
user_2665,item_1,1
user_2666,item_1,1
user_2667,item_3,6
user_2668,item_3,1
user_2669,item_0,2
user_2670,item_3,1
user_2671,item_2,3
user_2672,item_2,1
user_2673,item_0,4
user_2674,item_0,6
user_2675,item_2,2
user_2676,item_3,4
user_2677,item_3,3
user_2678,item_0,1
user_2679,item_0,0
user_2680,item_0,1
user_2681,item_0,1
user_2682,item_1,1
user_2683,item_1,2
user_2684,item_1,2
user_2685,item_1,1
user_2686,item_0,0
user_2687,item_2,1
user_2688,item_3,1
user_2689,item_2,2
user_2690,item_2,2
user_2691,item_1,1
user_2692,item_2,5
user_2693,item_0,3
user_2694,item_1,3
user_2695,item_1,2
user_2696,item_3,2
user_2697,item_2,6
user_2698,item_1,1
user_2699,item_3,2
user_2700,item_2,0
user_4841,item_1,1
user_4831,item_2,2
user_2703,item_3,2
user_2704,item_2,0
user_2705,item_3,1
user_3677,item_1,1
user_2707,item_0,1
user_2708,item_2,2
user_2709,item_1,0
user_2710,item_3,1
user_2711,item_3,3
user_2712,item_0,0
user_2713,item_2,3
user_2714,item_0,0
user_2715,item_3,2
user_2716,item_3,3
user_2717,item_3,0
user_2718,item_0,2
user_2719,item_3,1
user_2720,item_3,0
user_4101,item_0,3
user_2722,item_1,1
user_2723,item_3,0
user_2724,item_3,1
user_2725,item_2,0
user_2726,item_0,2
user_2727,item_0,1
user_2728,item_2,1
user_2729,item_2,5
user_2730,item_0,2
user_2731,item_1,0
user_2732,item_3,2
user_2733,item_2,1
user_4121,item_2,0
user_2735,item_0,1
user_2736,item_0,3
user_2737,item_0,0
user_2738,item_3,1
user_2739,item_3,2
user_2740,item_2,0
user_2741,item_1,1
user_2742,item_0,1
user_2743,item_0,5
user_2744,item_1,1
user_2745,item_2,5
user_2746,item_1,3
user_2747,item_3,1
user_2748,item_2,2
user_2749,item_3,2
user_2750,item_3,4
user_2751,item_2,2
user_2752,item_1,1
user_2753,item_0,0
user_2754,item_2,1
user_2755,item_2,5
user_2756,item_3,0
user_2757,item_3,3
user_2758,item_1,7
user_2759,item_0,2
user_2760,item_0,4
user_2761,item_1,3
user_2762,item_2,5
user_2763,item_2,2
user_2764,item_3,1
user_2765,item_2,0
user_2766,item_3,2
user_2767,item_3,1
user_2768,item_2,1
user_2769,item_1,1
user_2770,item_3,3
user_4233,item_0,0
user_2772,item_3,0
user_2773,item_2,7
user_2774,item_0,2
user_2775,item_0,3
user_2776,item_2,2
user_2777,item_1,1
user_2778,item_2,0
user_2779,item_3,1
user_2780,item_1,1
user_2781,item_0,1
user_2782,item_2,3
user_2783,item_0,1
user_2784,item_1,1
user_2785,item_0,4
user_2786,item_1,1
user_2787,item_0,0
user_2788,item_0,1
user_2789,item_2,2
user_2790,item_2,2
user_2791,item_1,2
user_2792,item_0,1
user_2793,item_0,10
user_2794,item_2,0
user_2795,item_3,3
user_2796,item_0,1
user_2797,item_1,7
user_2798,item_3,1
user_2799,item_0,2
user_2800,item_3,1
user_2801,item_0,0
user_2802,item_2,6
user_2803,item_0,5
user_2804,item_2,1
user_2805,item_1,1
user_2806,item_0,1
user_2807,item_2,3
user_2808,item_2,2
user_2809,item_0,1
user_2810,item_0,1
user_4712,item_1,1
user_2812,item_1,1
user_4410,item_3,0
user_2814,item_3,4
user_2815,item_1,1
user_2816,item_3,2
user_4043,item_3,0
user_2818,item_0,0
user_2819,item_2,3
user_2820,item_1,7
user_2821,item_2,1
user_2822,item_0,4
user_2823,item_1,3
user_4436,item_2,0
user_2825,item_1,0
user_2826,item_0,2
user_2827,item_3,1
user_2828,item_3,1
user_2829,item_3,5
user_2830,item_0,2
user_2831,item_1,4
user_2832,item_2,3
user_2833,item_2,5
user_2834,item_0,0
user_2835,item_3,2
user_2836,item_1,6
user_2837,item_1,0
user_2838,item_1,1
user_2839,item_3,1
user_2840,item_2,6
user_2841,item_2,1
user_2842,item_1,1
user_2843,item_3,3
user_2844,item_0,2
user_2845,item_0,1
user_2846,item_1,3
user_2847,item_3,1
user_2848,item_1,2
user_2849,item_2,2
user_2850,item_0,5
user_2851,item_2,3
user_2852,item_1,2
user_2853,item_0,4
user_2854,item_0,1
user_2855,item_3,1
user_2856,item_3,2
user_2857,item_2,1
user_2858,item_0,1
user_2859,item_1,2
user_2860,item_3,7
user_2861,item_2,0
user_2862,item_2,5
user_2863,item_0,4
user_2864,item_0,3
user_2865,item_1,1
user_2866,item_3,3
user_2867,item_2,0
user_2868,item_2,1
user_2869,item_0,1
user_2870,item_3,6
user_2871,item_1,2
user_2872,item_1,1
user_2873,item_2,2
user_2874,item_0,0
user_2875,item_2,0
user_2876,item_2,1
user_2877,item_3,2
user_2878,item_2,1
user_2879,item_3,1
user_2880,item_3,2
user_2881,item_0,2
user_2882,item_3,6
user_2883,item_3,2
user_2884,item_2,3
user_2885,item_1,5
user_2886,item_2,1
user_2887,item_3,2
user_2888,item_1,3
user_2889,item_1,2
user_2890,item_0,3
user_4584,item_0,0
user_2892,item_1,4
user_2893,item_1,4
user_4396,item_3,7
user_2895,item_2,2
user_2896,item_2,5
user_2897,item_2,1
user_2898,item_3,0
user_4618,item_1,2
user_2900,item_1,1
user_2901,item_1,0
user_2902,item_0,1
user_2903,item_3,1
user_2904,item_1,4
user_2905,item_3,0
user_2906,item_0,1
user_2907,item_1,2
user_2908,item_2,3
user_2909,item_0,0
user_2910,item_3,2
user_2911,item_0,2
user_2912,item_3,1
user_2913,item_3,1
user_2914,item_2,2
user_2915,item_1,2
user_2916,item_3,5
user_2917,item_1,2
user_2918,item_1,1
user_2919,item_1,1
user_2920,item_1,3
user_2921,item_3,1
user_2922,item_2,0
user_2923,item_1,1
user_2924,item_2,2
user_2925,item_0,1
user_2926,item_2,3
user_2927,item_3,3
user_2928,item_0,1
user_3584,item_1,4
user_2930,item_0,1
user_2931,item_1,1
user_2932,item_2,3
user_2933,item_1,1
user_2934,item_1,0
user_2935,item_3,0
user_2936,item_3,1
user_2937,item_1,0
user_2938,item_2,0
user_2939,item_1,1
user_2940,item_1,6
user_2941,item_3,1
user_2942,item_3,1
user_2943,item_0,1
user_2944,item_1,1
user_2945,item_0,3
user_4225,item_0,1
user_2947,item_0,1
user_2948,item_3,0
user_2949,item_3,1
user_2950,item_0,4
user_2951,item_3,1
user_2952,item_1,0
user_2953,item_1,2
user_2954,item_2,0
user_2955,item_3,3
user_2956,item_3,1
user_2957,item_0,0
user_2958,item_1,2
user_2959,item_3,0
user_2960,item_1,0
user_2961,item_0,1
user_2962,item_0,0
user_2963,item_2,1
user_2964,item_0,3
user_2965,item_3,0
user_2966,item_0,2
user_2967,item_3,2
user_2968,item_0,0
user_2969,item_0,6
user_2970,item_1,3
user_2971,item_2,3
user_2972,item_2,3
user_2973,item_1,1
user_2974,item_2,1
user_2975,item_0,0
user_2976,item_0,2
user_2977,item_0,0
user_2978,item_0,2
user_2979,item_2,2
user_2980,item_1,1
user_2981,item_2,1
user_2982,item_0,1
user_2983,item_2,3
user_2984,item_3,3
user_2985,item_1,2
user_2986,item_2,6
user_2987,item_3,1
user_2988,item_2,1
user_2989,item_3,3
user_2990,item_0,1
user_2991,item_1,1
user_3860,item_0,4
user_2993,item_1,1
user_4133,item_0,0
user_2995,item_3,0
user_2996,item_2,0
user_2997,item_1,0
user_2998,item_3,0
user_2999,item_0,1
user_3000,item_3,4
user_3001,item_2,2
user_3002,item_2,2
user_3003,item_0,2
user_3004,item_3,1
user_3005,item_2,1
user_3006,item_3,1
user_3007,item_2,1
user_3008,item_1,1
user_3009,item_2,0
user_3010,item_1,1
user_3011,item_2,0
user_3012,item_2,3
user_3013,item_0,1
user_3014,item_1,3
user_3015,item_1,1
user_3016,item_1,3
user_3017,item_2,2
user_3018,item_2,3
user_3019,item_0,1
user_4819,item_0,0
user_3021,item_3,5
user_3022,item_1,2
user_3023,item_1,5
user_3024,item_2,3
user_3025,item_2,3
user_3026,item_2,5
user_3027,item_2,1
user_3028,item_1,2
user_3029,item_2,3
user_3030,item_1,1
user_3031,item_0,1
user_3032,item_2,2
user_3033,item_0,9
user_3034,item_1,1
user_3035,item_3,3
user_3036,item_2,2
user_3037,item_0,4
user_3038,item_1,1
user_3039,item_1,2
user_3040,item_1,6
user_3041,item_3,0
user_3042,item_3,2
user_3043,item_2,2
user_3044,item_0,2
user_4322,item_3,1
user_3046,item_3,1
user_3047,item_2,2
user_3048,item_2,1
user_3049,item_0,1
user_3050,item_3,10
user_3051,item_3,2
user_3052,item_1,3
user_3053,item_0,1
user_3054,item_1,2
user_3055,item_0,0
user_3056,item_0,2
user_3057,item_2,5
user_3058,item_3,0
user_3059,item_0,1
user_3060,item_3,4
user_3061,item_0,2
user_3062,item_0,2
user_3285,item_0,0
user_3064,item_0,1
user_3065,item_1,1
user_3066,item_3,4
user_3067,item_3,2
user_3068,item_2,2
user_3069,item_2,0
user_3070,item_0,1
user_3071,item_3,1
user_3072,item_0,3
user_3073,item_2,2
user_3074,item_3,0
user_3075,item_3,4
user_3076,item_2,2
user_3077,item_3,1
user_3078,item_3,5
user_3079,item_1,0
user_3080,item_0,2
user_3081,item_1,1
user_3082,item_0,1
user_3083,item_3,4
user_3084,item_0,2
user_3085,item_2,1
user_3086,item_2,2
user_3087,item_3,0
user_3088,item_2,1
user_3089,item_1,3
user_3090,item_0,2
user_3091,item_0,1
user_3092,item_2,1
user_3093,item_0,1
user_3094,item_0,1
user_3095,item_3,2
user_3096,item_3,3
user_3097,item_2,4
user_3098,item_3,1
user_3099,item_0,2
user_3100,item_0,0
user_3101,item_0,3
user_3102,item_2,2
user_3103,item_3,1
user_3104,item_2,2
user_3105,item_1,1
user_3106,item_2,1
user_3107,item_1,0
user_3108,item_1,2
user_3109,item_1,2
user_4233,item_0,2
user_3111,item_2,3
user_3112,item_0,1
user_3113,item_2,5
user_3114,item_1,1
user_3115,item_3,0
user_3116,item_1,5
user_3117,item_3,0
user_3118,item_0,1
user_3119,item_3,5
user_3120,item_2,1
user_3121,item_2,1
user_3122,item_0,4
user_3123,item_2,0
user_3124,item_0,1
user_3125,item_3,1
user_3126,item_1,1
user_3127,item_2,1
user_3128,item_3,3
user_3129,item_1,2
user_3130,item_1,3
user_3131,item_3,0
user_3132,item_3,1
user_3133,item_2,0
user_3134,item_0,2
user_3135,item_0,4
user_3136,item_1,1
user_3137,item_3,1
user_3138,item_2,2
user_3139,item_1,0
user_3140,item_1,1
user_3141,item_1,1
user_3142,item_2,1
user_3143,item_1,4
user_3144,item_0,2
user_3145,item_3,1
user_3146,item_2,2
user_3147,item_3,0
user_3148,item_3,3
user_3149,item_2,1
user_3150,item_1,1
user_3151,item_3,2
user_3152,item_2,4
user_3153,item_1,1
user_3154,item_2,1
user_3155,item_3,1
user_3156,item_1,2
user_3617,item_0,2
user_3158,item_0,1
user_3159,item_0,1
user_3160,item_1,0
user_3161,item_1,0
user_3162,item_3,3
user_3163,item_2,0
user_3164,item_0,1
user_3165,item_3,2
user_3166,item_1,1
user_3167,item_0,1
user_3168,item_0,1
user_3169,item_3,1
user_3170,item_3,0
user_3171,item_3,3
user_3172,item_0,6
user_3173,item_0,4
user_3174,item_0,1
user_3175,item_1,2
user_3176,item_2,1
user_3177,item_1,1
user_3178,item_0,0
user_3179,item_3,1
user_3180,item_3,0
user_3181,item_2,3
user_3182,item_2,1
user_3183,item_1,2
user_3184,item_2,4
user_3185,item_0,1
user_3186,item_1,1
user_3187,item_1,0
user_3188,item_3,3
user_3189,item_3,8
user_3190,item_0,3
user_3191,item_1,0
user_3192,item_3,2
user_3193,item_2,1
user_3194,item_3,0
user_3426,item_2,0
user_3196,item_2,0
user_3197,item_1,0
user_3198,item_2,4
user_3199,item_3,1
user_3200,item_0,3
user_3201,item_3,1
user_3202,item_2,2
user_3203,item_2,4
user_3204,item_2,3
user_3205,item_2,9
user_3206,item_3,3
user_3207,item_3,1
user_3387,item_2,1
user_3209,item_0,2
user_3210,item_2,1
user_3211,item_2,3
user_3212,item_0,2
user_3213,item_1,3
user_3214,item_0,1
user_3215,item_2,4
user_3216,item_0,1
user_3217,item_1,2
user_3218,item_2,4
user_3219,item_1,1
user_3220,item_2,1
user_3221,item_3,3
user_3222,item_3,1
user_3223,item_0,1
user_3224,item_3,3
user_4451,item_1,0
user_3226,item_1,0
user_3227,item_0,2
user_3228,item_1,4
user_3229,item_3,2
user_3230,item_2,5
user_3231,item_2,3
user_3232,item_1,1
user_3233,item_3,2
user_3234,item_2,0
user_3235,item_3,1
user_3236,item_0,0
user_3237,item_3,1
user_3238,item_1,1
user_3239,item_3,1
user_3240,item_0,2
user_3241,item_0,2
user_3242,item_1,2
user_3243,item_3,0
user_3489,item_0,1
user_3245,item_2,3
user_3246,item_1,3
user_3247,item_1,4
user_3248,item_0,1
user_3249,item_3,2
user_3250,item_3,1
user_3251,item_2,2
user_3252,item_2,3
user_4841,item_1,1
user_3254,item_1,2
user_3255,item_1,0
user_3256,item_2,1
user_4572,item_3,1
user_3258,item_3,1
user_3259,item_1,1
user_3260,item_1,6
user_3261,item_3,5
user_4195,item_0,2
user_3263,item_0,0
user_3264,item_1,3
user_3265,item_1,4
user_3266,item_0,3
user_3267,item_0,1
user_3268,item_0,1
user_3269,item_3,2
user_3270,item_3,4
user_3271,item_0,5
user_3272,item_2,4
user_3273,item_1,0
user_3274,item_3,0
user_3275,item_3,1
user_3276,item_1,5
user_3277,item_0,1
user_3278,item_0,2
user_3279,item_2,2
user_3280,item_3,1
user_3281,item_2,9
user_4712,item_1,1
user_3283,item_0,2
user_3284,item_1,0
user_3285,item_0,1
user_3286,item_0,0
user_3287,item_2,2
user_3288,item_0,2
user_3289,item_0,2
user_3290,item_0,4
user_3291,item_0,1
user_3292,item_3,4
user_3293,item_0,2
user_3294,item_0,2
user_3295,item_3,0
user_3296,item_0,5
user_3297,item_2,2
user_4414,item_2,2
user_3299,item_2,5
user_3300,item_2,1
user_3301,item_3,1
user_3302,item_3,0
user_3303,item_0,3
user_4815,item_0,0
user_3305,item_3,1
user_3306,item_1,1
user_3307,item_3,0
user_3308,item_1,2
user_3309,item_3,2
user_3310,item_0,1
user_3311,item_0,1
user_3312,item_1,0
user_3313,item_2,3
user_3314,item_2,4
user_3315,item_0,0
user_3316,item_1,3
user_3317,item_2,0
user_3318,item_1,1
user_3319,item_1,1
user_3320,item_1,2
user_3321,item_2,0
user_3322,item_1,4
user_3323,item_3,4
user_3324,item_3,0
user_3325,item_0,1
user_3326,item_3,1
user_3327,item_0,1
user_3328,item_3,1
user_3329,item_0,2
user_3330,item_2,1
user_3331,item_0,3
user_3332,item_1,2
user_3333,item_2,2
user_3334,item_1,0
user_3335,item_0,0
user_3336,item_1,1
user_3337,item_2,3
user_4904,item_1,0
user_3339,item_2,2
user_3340,item_3,1
user_3341,item_0,3
user_3342,item_0,2
user_3343,item_3,1
user_4219,item_3,2
user_3345,item_1,1
user_3346,item_0,2
user_3347,item_2,1
user_3348,item_1,1
user_3349,item_0,1
user_3350,item_0,0
user_3351,item_1,3
user_3352,item_1,0
user_3353,item_1,3
user_3354,item_3,4
user_3355,item_0,1
user_3356,item_3,2
user_3357,item_2,0
user_3358,item_3,1
user_3359,item_0,1
user_3360,item_0,3
user_4551,item_1,1
user_3362,item_1,1
user_4195,item_0,1
user_3364,item_3,3
user_3365,item_2,4
user_3366,item_1,1
user_3367,item_3,1
user_3368,item_3,3
user_3369,item_3,2
user_4971,item_0,0
user_3371,item_1,3
user_3372,item_1,0
user_3373,item_2,1
user_3374,item_1,1
user_3375,item_3,1
user_3376,item_3,0
user_3377,item_2,3
user_3378,item_1,2
user_3379,item_2,3
user_4587,item_2,2
user_3381,item_3,1
user_3382,item_0,5
user_3383,item_0,3
user_3384,item_0,3
user_3385,item_1,1
user_3386,item_3,2
user_3387,item_2,1
user_3388,item_1,1
user_3389,item_0,1
user_3390,item_2,2
user_3391,item_1,5
user_3392,item_2,1
user_3393,item_2,5
user_4778,item_0,1
user_3395,item_0,7
user_3396,item_0,1
user_3397,item_0,2
user_3398,item_1,1
user_3399,item_1,3
user_3400,item_3,4
user_3401,item_1,3
user_3402,item_2,2
user_3403,item_0,1
user_3404,item_2,2
user_3405,item_1,2
user_3406,item_0,2
user_3407,item_1,3
user_3408,item_3,1
user_3409,item_2,1
user_3410,item_2,3
user_3411,item_2,2
user_3412,item_1,4
user_3413,item_3,1
user_3414,item_0,2
user_3415,item_1,2
user_3416,item_2,1
user_3417,item_0,0
user_3418,item_0,0
user_3419,item_0,1
user_3420,item_0,5
user_3421,item_2,3
user_3422,item_0,1
user_3423,item_3,0
user_3424,item_0,7
user_3425,item_1,2
user_3426,item_2,0
user_3427,item_2,5
user_3428,item_2,1
user_3429,item_2,4
user_3430,item_1,0
user_3431,item_2,3
user_3432,item_0,2
user_3433,item_0,1
user_3434,item_3,1
user_3435,item_1,1
user_3436,item_3,2
user_3437,item_3,1
user_3438,item_2,6
user_3439,item_0,1
user_3440,item_3,3
user_3441,item_1,1
user_3442,item_2,1
user_3443,item_3,1
user_3444,item_2,7
user_3445,item_2,0
user_3446,item_1,1
user_3447,item_0,1
user_3448,item_3,5
user_3449,item_2,1
user_3450,item_1,5
user_3451,item_1,1
user_3452,item_2,4
user_3453,item_0,1
user_3454,item_3,2
user_3455,item_1,1
user_3456,item_0,2
user_3457,item_3,1
user_3458,item_0,3
user_3459,item_0,1
user_3460,item_0,0
user_3461,item_0,2
user_3462,item_0,2
user_3463,item_2,2
user_3464,item_0,2
user_3465,item_3,1
user_3466,item_0,3
user_3467,item_3,0
user_3468,item_2,5
user_3469,item_0,2
user_3470,item_1,2
user_4975,item_2,2
user_3472,item_0,5
user_3473,item_2,2
user_3474,item_0,5
user_3475,item_2,1
user_3476,item_0,1
user_3477,item_0,1
user_3478,item_2,2
user_3479,item_2,1
user_3480,item_3,2
user_3481,item_3,1
user_3482,item_1,0
user_3483,item_0,4
user_3484,item_2,1
user_3485,item_1,5
user_3486,item_1,1
user_3487,item_1,8
user_3488,item_3,2
user_3489,item_0,1
user_3490,item_3,1
user_3491,item_1,0
user_3492,item_3,2
user_3493,item_0,2
user_3494,item_1,1
user_3495,item_3,3
user_3496,item_2,3
user_3497,item_3,6
user_3890,item_0,1
user_3499,item_3,1
user_3500,item_1,1
user_3501,item_0,0
user_3502,item_1,1
user_3503,item_2,1
user_4511,item_0,0
user_3505,item_3,1
user_3506,item_0,1
user_3584,item_1,4
user_3508,item_1,6
user_3509,item_2,2
user_3510,item_1,1
user_3511,item_3,1
user_3512,item_3,1
user_3513,item_2,0
user_3514,item_0,0
user_3515,item_2,3
user_3516,item_3,2
user_3517,item_2,2
user_3518,item_2,1
user_3519,item_3,1
user_3520,item_2,0
user_3521,item_2,4
user_3522,item_3,1
user_3523,item_0,2
user_3524,item_3,1
user_3525,item_3,1
user_3526,item_0,3
user_3527,item_3,1
user_3528,item_2,2
user_3529,item_1,2
user_3530,item_1,2
user_3531,item_3,1
user_3532,item_1,1
user_4694,item_0,1
user_3534,item_1,1
user_3535,item_3,1
user_3536,item_0,3
user_3537,item_0,4
user_3538,item_1,0
user_3539,item_2,0
user_3540,item_3,0
user_3541,item_2,2
user_3573,item_0,3
user_3543,item_2,4
user_3544,item_3,2
user_3545,item_2,3
user_3546,item_0,1
user_3547,item_0,2
user_3548,item_0,2
user_3549,item_2,0
user_3550,item_0,2
user_3551,item_3,2
user_3552,item_0,1
user_4682,item_2,1
user_3554,item_1,0
user_3555,item_1,2
user_3556,item_3,1
user_3557,item_0,3
user_3558,item_3,4
user_3559,item_1,8
user_4682,item_2,2
user_3561,item_2,1
user_3562,item_0,2
user_3563,item_0,4
user_4110,item_3,0
user_3565,item_0,1
user_4712,item_1,1
user_3567,item_0,0
user_3568,item_1,3
user_3569,item_1,1
user_3570,item_3,2
user_3571,item_0,1
user_3572,item_2,2
user_3573,item_0,2
user_3574,item_2,4
user_3575,item_3,0
user_3576,item_0,4
user_3577,item_1,3
user_3578,item_2,4
user_3579,item_2,1
user_3580,item_0,0
user_3581,item_1,3
user_3582,item_0,0
user_3583,item_1,4
user_3584,item_1,1
user_3585,item_2,0
user_3586,item_1,1
user_3587,item_1,1
user_3588,item_1,0
user_3589,item_1,4
user_3590,item_1,3
user_4809,item_1,1
user_3592,item_0,2
user_3593,item_1,0
user_3594,item_0,2
user_3595,item_1,1
user_3596,item_0,0
user_3597,item_3,2
user_3598,item_0,1
user_3599,item_3,2
user_3600,item_3,2
user_3601,item_0,2
user_3602,item_0,1
user_3603,item_3,4
user_3604,item_0,1
user_3605,item_3,2
user_3606,item_0,0
user_3607,item_0,3
user_3608,item_3,0
user_3609,item_1,2
user_3610,item_3,0
user_3611,item_2,1
user_3612,item_3,0
user_3613,item_0,0
user_3614,item_0,0
user_3615,item_3,1
user_3616,item_3,3
user_3617,item_0,1
user_3618,item_2,5
user_3619,item_2,1
user_3620,item_1,4
user_3621,item_0,1
user_3622,item_0,4
user_3623,item_3,1
user_3624,item_0,1
user_3625,item_0,0
user_3626,item_2,1
user_3627,item_3,0
user_3628,item_0,3
user_3629,item_1,2
user_3630,item_3,1
user_3631,item_3,1
user_3632,item_0,1
user_3633,item_3,3
user_3634,item_3,0
user_4975,item_2,1
user_3636,item_1,3
user_3637,item_0,4
user_3638,item_3,1
user_3639,item_3,0
user_3640,item_3,0
user_3641,item_3,3
user_4790,item_0,1
user_3643,item_0,3
user_3644,item_2,1
user_3645,item_2,2
user_3646,item_0,1
user_4794,item_3,0
user_3648,item_1,1
user_3649,item_3,2
user_3650,item_3,3
user_3651,item_3,1
user_3652,item_2,5
user_3653,item_2,3
user_3654,item_0,2
user_3655,item_1,1
user_3656,item_0,0
user_3657,item_2,0
user_3658,item_1,3
user_3659,item_2,6
user_3660,item_3,1
user_3661,item_2,1
user_3662,item_1,1
user_3663,item_0,2
user_3664,item_2,1
user_3665,item_3,5
user_3666,item_2,2
user_3667,item_0,1
user_3668,item_2,1
user_3669,item_0,2
user_3670,item_0,4
user_3671,item_3,3
user_3672,item_0,3
user_3673,item_0,2
user_3674,item_0,1
user_3675,item_0,1
user_3676,item_2,3
user_3677,item_1,1
user_3678,item_1,0
user_3679,item_0,1
user_3680,item_3,1
user_3681,item_3,4
user_3682,item_0,3
user_3683,item_3,1
user_3684,item_0,4
user_3685,item_2,0
user_3686,item_0,3
user_3687,item_3,0
user_3688,item_0,0
user_3689,item_2,3
user_3690,item_0,1
user_3691,item_1,1
user_3692,item_3,5
user_3693,item_0,2
user_3694,item_1,1
user_3695,item_1,2
user_3696,item_0,3
user_3697,item_2,6
user_3698,item_0,6
user_3699,item_3,7
user_3700,item_1,0
user_3701,item_1,4
user_3702,item_0,1
user_3703,item_3,2
user_3704,item_1,3
user_3705,item_3,0
user_3706,item_3,0
user_3707,item_0,1
user_3708,item_3,1
user_3709,item_0,0
user_3710,item_0,3
user_3711,item_1,3
user_3712,item_1,8
user_3713,item_1,1
user_3714,item_0,1
user_3715,item_1,1
user_3716,item_0,3
user_3717,item_1,0
user_3718,item_2,2
user_3719,item_1,2
user_3720,item_3,0
user_3721,item_2,3
user_3722,item_2,0
user_3723,item_2,1
user_3724,item_2,3
user_3725,item_2,5
user_3726,item_2,2
user_4177,item_1,4
user_3728,item_3,0
user_3729,item_1,1
user_3730,item_1,1
user_3731,item_1,2
user_3732,item_0,0
user_3733,item_2,9
user_3734,item_3,2
user_3735,item_1,3
user_3736,item_3,0
user_3737,item_3,3
user_3738,item_1,3
user_3739,item_3,4
user_3740,item_1,0
user_3741,item_2,3
user_3742,item_0,3
user_3743,item_2,5
user_3744,item_1,5
user_3745,item_0,0
user_3746,item_2,3
user_3747,item_2,2
user_3748,item_0,3
user_3749,item_2,0
user_3750,item_3,1
user_3751,item_1,1
user_3752,item_1,2
user_3753,item_0,3
user_4436,item_2,0
user_3755,item_1,4
user_3756,item_1,0
user_3757,item_3,0
user_3758,item_0,1
user_3759,item_0,6
user_3760,item_2,1
user_3761,item_2,0
user_3762,item_3,1
user_3763,item_0,4
user_3764,item_2,5
user_3765,item_1,1
user_3766,item_2,1
user_3767,item_1,2
user_3768,item_2,0
user_3769,item_3,6
user_4981,item_0,0
user_3771,item_3,2
user_3772,item_1,0
user_3773,item_0,1
user_3774,item_3,1
user_3775,item_2,0
user_3776,item_0,2
user_3777,item_0,1
user_3778,item_3,1
user_3779,item_1,2
user_3780,item_3,0
user_3781,item_3,1
user_3782,item_1,2
user_3783,item_2,1
user_3784,item_1,8
user_3785,item_2,1
user_4815,item_0,0
user_3787,item_2,3
user_3788,item_0,3
user_3789,item_3,1
user_3790,item_0,2
user_3791,item_1,1
user_3792,item_3,2
user_3793,item_0,3
user_3794,item_1,0
user_3795,item_1,2
user_3796,item_1,6
user_3797,item_3,1
user_3798,item_0,0
user_3799,item_0,1
user_3800,item_1,4
user_3801,item_0,1
user_3802,item_3,2
user_3803,item_2,3
user_3804,item_2,1
user_4572,item_3,1
user_3806,item_3,4
user_3807,item_2,3
user_3808,item_0,1
user_3809,item_2,4
user_3810,item_2,2
user_3811,item_2,4
user_3812,item_0,2
user_3813,item_1,0
user_3814,item_1,1
user_3815,item_3,3
user_3816,item_2,2
user_3817,item_1,1
user_3818,item_1,1
user_3819,item_0,1
user_3820,item_2,0
user_3821,item_2,4
user_3822,item_2,1
user_3823,item_2,5
user_3824,item_2,0
user_3825,item_1,1
user_3826,item_0,2
user_3827,item_1,2
user_3828,item_3,1
user_3829,item_2,2
user_3830,item_3,3
user_3831,item_2,4
user_3832,item_3,3
user_3833,item_0,1
user_3834,item_0,2
user_3835,item_1,2
user_3836,item_2,1
user_3837,item_1,0
user_3838,item_1,4
user_4975,item_2,0
user_3840,item_3,0
user_3841,item_2,1
user_3842,item_0,1
user_3843,item_0,0
user_3844,item_3,4
user_3845,item_3,2
user_3846,item_0,1
user_3847,item_2,5
user_3848,item_3,3
user_3849,item_0,5
user_3850,item_1,0
user_3851,item_0,1
user_3852,item_1,2
user_3853,item_3,1
user_3854,item_3,3
user_3855,item_1,2
user_4987,item_0,1
user_3857,item_2,2
user_3858,item_2,2
user_3859,item_0,4
user_3860,item_0,1
user_3861,item_0,1
user_3862,item_2,2
user_3863,item_1,2
user_3864,item_1,0
user_3865,item_1,1
user_3866,item_3,0
user_3867,item_1,2
user_3868,item_2,3
user_3869,item_2,5
user_3870,item_0,1
user_3871,item_3,2
user_3872,item_3,2
user_3873,item_3,2
user_3874,item_0,2
user_3875,item_3,5
user_3876,item_0,1
user_3877,item_3,1
user_3878,item_1,3
user_3879,item_1,1
user_3880,item_0,2
user_3881,item_1,2
user_3882,item_3,2
user_3883,item_3,2
user_3884,item_0,5
user_3885,item_3,1
user_3886,item_1,1
user_3887,item_2,3
user_3888,item_2,2
user_3889,item_2,1
user_3890,item_0,1
user_3891,item_0,5
user_3892,item_1,1
user_4526,item_1,1
user_3894,item_0,1
user_3895,item_3,0
user_3896,item_1,4
user_3897,item_2,5
user_3898,item_3,1
user_3899,item_1,2
user_3900,item_2,0
user_3901,item_0,10
user_3902,item_2,1
user_3903,item_0,1
user_3904,item_1,1
user_3905,item_1,3
user_3906,item_1,5
user_3907,item_1,2
user_3908,item_1,4
user_3909,item_2,3
user_3910,item_3,1
user_3911,item_0,1
user_3912,item_2,0
user_3913,item_0,3
user_3914,item_3,1
user_3915,item_3,1
user_3916,item_1,0
user_3917,item_1,1
user_3918,item_1,3
user_3919,item_3,1
user_3920,item_0,1
user_3921,item_1,1
user_3922,item_0,3
user_3923,item_3,1
user_3924,item_3,3
user_3925,item_1,1
user_3926,item_2,0
user_3927,item_1,9
user_3928,item_0,1
user_3929,item_0,1
user_3930,item_1,1
user_3931,item_1,0
user_3932,item_0,1
user_3933,item_3,2
user_3934,item_2,2
user_3935,item_2,1
user_3936,item_3,0
user_3937,item_1,1
user_3938,item_2,0
user_3939,item_3,5
user_3940,item_2,1
user_3941,item_3,0
user_3942,item_0,1
user_3943,item_2,2
user_3944,item_1,4
user_3945,item_3,2
user_3946,item_1,1
user_3947,item_1,5
user_3948,item_1,1
user_3949,item_1,1
user_3950,item_2,1
user_3951,item_0,1
user_3952,item_0,1
user_3953,item_1,3
user_3954,item_1,1
user_3955,item_3,2
user_3956,item_3,1
user_3957,item_0,5
user_3958,item_1,1
user_3959,item_2,1
user_3960,item_2,7
user_3961,item_3,1
user_3962,item_0,0
user_3963,item_1,4
user_3964,item_2,1
user_3965,item_1,0
user_3966,item_1,1
user_3967,item_0,3
user_3968,item_2,9
user_3969,item_1,1
user_3970,item_3,1
user_3971,item_1,6
user_3972,item_3,2
user_3973,item_1,3
user_3974,item_3,2
user_3975,item_0,1
user_4440,item_1,0
user_3977,item_2,2
user_3978,item_2,2
user_3979,item_0,1
user_3980,item_2,2
user_3981,item_0,1
user_3982,item_1,1
user_3983,item_0,2
user_3984,item_3,2
user_3985,item_2,1
user_3986,item_2,0
user_3987,item_1,1
user_3988,item_0,4
user_3989,item_0,0
user_3990,item_1,3
user_3991,item_1,4
user_3992,item_1,2
user_3993,item_1,1
user_3994,item_1,4
user_3995,item_1,1
user_3996,item_3,1
user_3997,item_0,3
user_4110,item_3,0
user_3999,item_2,2
user_4000,item_3,2
user_4322,item_3,1
user_4002,item_2,2
user_4003,item_1,3
user_4004,item_2,1
user_4005,item_2,4
user_4006,item_1,3
user_4007,item_0,2
user_4008,item_3,1
user_4398,item_1,1
user_4010,item_1,1
user_4011,item_3,1
user_4012,item_3,1
user_4013,item_0,1
user_4014,item_3,1
user_4015,item_2,2
user_4016,item_3,4
user_4017,item_3,0
user_4018,item_0,0
user_4019,item_2,1
user_4020,item_3,1
user_4021,item_2,4
user_4022,item_2,1
user_4023,item_1,8
user_4024,item_0,0
user_4025,item_0,1
user_4026,item_3,3
user_4027,item_3,1
user_4028,item_1,1
user_4029,item_2,1
user_4030,item_3,1
user_4031,item_1,0
user_4032,item_3,3
user_4033,item_1,1
user_4034,item_1,2
user_4035,item_3,1
user_4036,item_0,2
user_4037,item_0,1
user_4038,item_3,6
user_4039,item_1,0
user_4040,item_3,3
user_4041,item_2,1
user_4042,item_2,1
user_4043,item_3,1
user_4044,item_3,1
user_4045,item_1,2
user_4046,item_0,3
user_4398,item_1,1
user_4048,item_1,1
user_4423,item_3,1
user_4050,item_3,2
user_4051,item_0,2
user_4052,item_3,1
user_4053,item_1,2
user_4054,item_3,3
user_4055,item_2,1
user_4056,item_0,5
user_4057,item_3,1
user_4058,item_3,0
user_4059,item_2,1
user_4060,item_3,2
user_4061,item_0,3
user_4062,item_1,1
user_4063,item_2,6
user_4064,item_1,1
user_4065,item_0,2
user_4322,item_3,1
user_4067,item_2,2
user_4068,item_2,3
user_4069,item_2,1
user_4070,item_0,1
user_4071,item_1,2
user_4072,item_1,1
user_4073,item_2,2
user_4074,item_3,0
user_4075,item_3,3
user_4076,item_1,1
user_4077,item_1,0
user_4078,item_3,2
user_4079,item_0,4
user_4080,item_1,4
user_4081,item_0,0
user_4082,item_1,3
user_4083,item_1,1
user_4084,item_2,1
user_4085,item_1,1
user_4086,item_3,1
user_4087,item_3,1
user_4088,item_0,0
user_4089,item_2,1
user_4090,item_3,0
user_4091,item_1,0
user_4092,item_3,1
user_4093,item_3,1
user_4094,item_3,6
user_4095,item_2,3
user_4096,item_3,1
user_4097,item_3,3
user_4098,item_0,2
user_4099,item_3,2
user_4100,item_0,2
user_4101,item_0,2
user_4102,item_0,6
user_4228,item_1,2
user_4104,item_1,1
user_4105,item_1,5
user_4106,item_3,0
user_4107,item_0,5
user_4108,item_3,4
user_4109,item_1,2
user_4110,item_3,0
user_4111,item_1,0
user_4112,item_0,0
user_4113,item_1,3
user_4114,item_2,3
user_4115,item_2,1
user_4116,item_1,1
user_4117,item_1,2
user_4118,item_1,0
user_4119,item_3,2
user_4120,item_3,1
user_4121,item_2,0
user_4122,item_1,0
user_4123,item_2,2
user_4124,item_0,2
user_4125,item_3,4
user_4126,item_0,1
user_4127,item_0,1
user_4128,item_2,7
user_4129,item_3,1
user_4130,item_0,2
user_4131,item_1,3
user_4132,item_1,1
user_4133,item_0,0
user_4134,item_3,1
user_4135,item_1,3
user_4136,item_2,1
user_4137,item_0,2
user_4138,item_2,1
user_4139,item_0,1
user_4140,item_3,1
user_4141,item_0,6
user_4142,item_2,3
user_4143,item_3,1
user_4144,item_1,7
user_4145,item_3,4
user_4146,item_3,6
user_4147,item_2,2
user_4148,item_3,2
user_4149,item_2,3
user_4150,item_1,1
user_4151,item_3,1
user_4152,item_1,0
user_4153,item_3,3
user_4154,item_3,0
user_4155,item_2,3
user_4156,item_0,7
user_4658,item_3,2
user_4158,item_1,1
user_4159,item_0,1
user_4160,item_0,1
user_4161,item_3,3
user_4162,item_3,1
user_4163,item_3,1
user_4164,item_1,3
user_4165,item_1,1
user_4166,item_1,2
user_4167,item_3,3
user_4168,item_0,2
user_4169,item_3,0
user_4170,item_3,1
user_4171,item_0,0
user_4172,item_1,1
user_4173,item_1,0
user_4174,item_0,2
user_4175,item_0,0
user_4176,item_3,1
user_4177,item_1,4
user_4178,item_1,1
user_4179,item_2,0
user_4180,item_1,3
user_4181,item_3,2
user_4182,item_2,1
user_4183,item_2,6
user_4184,item_2,3
user_4185,item_2,2
user_4186,item_2,2
user_4187,item_3,3
user_4188,item_3,5
user_4189,item_3,3
user_4190,item_2,4
user_4191,item_0,3
user_4192,item_2,2
user_4193,item_1,0
user_4194,item_0,4
user_4195,item_0,2
user_4196,item_0,1
user_4197,item_1,1
user_4198,item_3,0
user_4199,item_2,2
user_4200,item_0,4
user_4201,item_1,1
user_4202,item_3,1
user_4203,item_1,3
user_4204,item_2,1
user_4205,item_3,0
user_4206,item_1,2
user_4207,item_1,2
user_4208,item_2,9
user_4209,item_2,1
user_4210,item_0,2
user_4211,item_3,0
user_4212,item_3,4
user_4213,item_0,5
user_4214,item_1,1
user_4215,item_3,1
user_4216,item_1,1
user_4217,item_3,1
user_4218,item_0,1
user_4219,item_3,2
user_4220,item_2,3
user_4221,item_2,1
user_4222,item_0,0
user_4223,item_0,1
user_4224,item_3,1
user_4225,item_0,1
user_4226,item_3,2
user_4227,item_0,0
user_4228,item_1,2
user_4229,item_2,3
user_4230,item_3,3
user_4231,item_1,1
user_4232,item_1,1
user_4233,item_0,2
user_4234,item_3,4
user_4235,item_3,2
user_4236,item_2,1
user_4237,item_2,4
user_4238,item_1,1
user_4239,item_1,2
user_4240,item_3,3
user_4241,item_3,2
user_4815,item_0,0
user_4243,item_3,1
user_4244,item_0,1
user_4245,item_1,1
user_4246,item_2,4
user_4247,item_2,2
user_4248,item_2,6
user_4249,item_1,1
user_4250,item_3,1
user_4251,item_0,0
user_4252,item_1,0
user_4253,item_3,3
user_4254,item_1,0
user_4255,item_1,5
user_4256,item_1,6
user_4257,item_3,2
user_4258,item_3,5
user_4259,item_2,1
user_4260,item_1,1
user_4261,item_2,1
user_4262,item_0,5
user_4263,item_3,7
user_4264,item_3,2
user_4265,item_3,3
user_4266,item_1,2
user_4267,item_0,1
user_4268,item_0,0
user_4269,item_0,2
user_4270,item_0,4
user_4271,item_1,4
user_4272,item_1,2
user_4273,item_1,4
user_4274,item_2,0
user_4275,item_3,3
user_4276,item_0,1
user_4277,item_1,1
user_4278,item_3,1
user_4279,item_1,2
user_4280,item_0,1
user_4281,item_1,1
user_4282,item_1,0
user_4283,item_0,2
user_4284,item_3,4
user_4285,item_1,1
user_4286,item_2,0
user_4287,item_1,1
user_4398,item_1,1
user_4289,item_2,0
user_4290,item_0,1
user_4291,item_3,4
user_4292,item_1,3
user_4293,item_2,1
user_4294,item_3,6
user_4295,item_3,2
user_4296,item_1,5
user_4297,item_2,1
user_4298,item_1,1
user_4299,item_0,3
user_4300,item_3,1
user_4301,item_2,6
user_4302,item_2,3
user_4303,item_2,0
user_4304,item_0,1
user_4305,item_1,6
user_4306,item_3,4
user_4307,item_2,0
user_4308,item_1,1
user_4309,item_2,8
user_4310,item_0,4
user_4311,item_2,1
user_4312,item_2,3
user_4313,item_1,3
user_4314,item_2,1
user_4315,item_3,5
user_4316,item_0,0
user_4317,item_1,2
user_4318,item_1,1
user_4319,item_2,1
user_4320,item_2,1
user_4321,item_0,1
user_4322,item_3,0
user_4323,item_3,1
user_4324,item_2,1
user_4325,item_1,1
user_4326,item_1,1
user_4327,item_3,0
user_4328,item_1,1
user_4329,item_1,2
user_4330,item_1,2
user_4331,item_1,2
user_4332,item_3,3
user_4333,item_3,1
user_4334,item_3,2
user_4335,item_3,1
user_4336,item_0,3
user_4337,item_2,2
user_4338,item_3,1
user_4987,item_0,1
user_4340,item_0,3
user_4341,item_3,0
user_4342,item_0,1
user_4343,item_2,2
user_4344,item_1,2
user_4345,item_2,2
user_4346,item_3,1
user_4347,item_0,1
user_4348,item_2,0
user_4349,item_0,1
user_4350,item_3,0
user_4351,item_0,5
user_4383,item_3,1
user_4353,item_2,1
user_4354,item_3,3
user_4355,item_0,0
user_4356,item_1,2
user_4357,item_3,1
user_4398,item_1,1
user_4359,item_2,3
user_4360,item_0,1
user_4361,item_1,1
user_4362,item_3,2
user_4363,item_1,3
user_4364,item_3,3
user_4365,item_1,1
user_4366,item_3,3
user_4367,item_1,1
user_4368,item_0,3
user_4369,item_3,0
user_4370,item_3,2
user_4371,item_3,6
user_4372,item_1,1
user_4373,item_1,0
user_4374,item_1,1
user_4375,item_1,2
user_4376,item_3,2
user_4377,item_0,5
user_4378,item_2,2
user_4379,item_3,0
user_4380,item_1,2
user_4381,item_3,2
user_4382,item_0,2
user_4383,item_3,1
user_4384,item_0,1
user_4385,item_3,2
user_4386,item_3,2
user_4387,item_1,6
user_4388,item_3,0
user_4389,item_1,2
user_4975,item_2,0
user_4391,item_1,8
user_4392,item_1,1
user_4393,item_0,0
user_4815,item_0,0
user_4395,item_3,2
user_4396,item_3,2
user_4397,item_1,0
user_4398,item_1,1
user_4399,item_1,1
user_4400,item_2,1
user_4401,item_1,0
user_4402,item_2,3
user_4403,item_2,0
user_4404,item_0,1
user_4405,item_2,2
user_4406,item_2,0
user_4407,item_1,1
user_4408,item_1,0
user_4409,item_3,2
user_4410,item_3,0
user_4411,item_1,0
user_4412,item_1,6
user_4413,item_3,2
user_4414,item_2,0
user_4415,item_2,2
user_4416,item_3,1
user_4417,item_2,4
user_4418,item_1,1
user_4419,item_0,4
user_4420,item_3,2
user_4421,item_1,5
user_4422,item_1,1
user_4423,item_3,1
user_4424,item_2,0
user_4425,item_2,1
user_4426,item_3,0
user_4427,item_1,3
user_4428,item_2,3
user_4429,item_1,1
user_4430,item_3,2
user_4431,item_2,1
user_4432,item_3,5
user_4433,item_1,2
user_4434,item_1,1
user_4435,item_3,0
user_4436,item_2,0
user_4437,item_1,1
user_4438,item_3,2
user_4439,item_3,1
user_4440,item_1,1
user_4441,item_2,0
user_4442,item_0,4
user_4443,item_0,2
user_4444,item_1,2
user_4445,item_3,0
user_4446,item_0,3
user_4447,item_3,0
user_4448,item_0,1
user_4449,item_1,1
user_4450,item_3,3
user_4451,item_1,0
user_4452,item_0,2
user_4453,item_3,4
user_4454,item_3,3
user_4455,item_0,1
user_4456,item_3,1
user_4457,item_0,4
user_4458,item_1,2
user_4459,item_2,0
user_4460,item_3,1
user_4461,item_0,1
user_4462,item_0,2
user_4463,item_0,3
user_4464,item_2,1
user_4465,item_2,2
user_4466,item_0,1
user_4467,item_0,1
user_4468,item_3,1
user_4469,item_2,1
user_4470,item_3,3
user_4471,item_3,1
user_4472,item_0,1
user_4473,item_2,1
user_4474,item_1,1
user_4475,item_0,2
user_4476,item_3,0
user_4477,item_3,4
user_4478,item_2,1
user_4479,item_0,3
user_4480,item_2,1
user_4481,item_2,3
user_4482,item_1,1
user_4483,item_3,1
user_4484,item_1,1
user_4485,item_3,1
user_4486,item_2,1
user_4487,item_2,1
user_4488,item_2,3
user_4489,item_3,2
user_4490,item_0,2
user_4491,item_3,3
user_4492,item_2,3
user_4493,item_3,1
user_4494,item_1,2
user_4495,item_1,2
user_4496,item_2,0
user_4497,item_3,0
user_4498,item_3,4
user_4499,item_0,2
user_4500,item_3,1
user_4501,item_1,0
user_4502,item_2,2
user_4503,item_0,0
user_4504,item_0,0
user_4505,item_2,1
user_4506,item_3,2
user_4507,item_2,1
user_4508,item_1,3
user_4509,item_2,2
user_4510,item_0,0
user_4511,item_0,0
user_4512,item_0,1
user_4513,item_0,2
user_4514,item_1,0
user_4515,item_2,1
user_4516,item_1,1
user_4517,item_2,0
user_4518,item_3,3
user_4519,item_1,1
user_4520,item_0,4
user_4521,item_2,0
user_4522,item_0,1
user_4523,item_3,1
user_4524,item_2,3
user_4525,item_2,1
user_4526,item_1,1
user_4527,item_1,3
user_4528,item_3,9
user_4529,item_3,1
user_4530,item_0,1
user_4531,item_3,0
user_4532,item_0,1
user_4533,item_3,0
user_4534,item_2,1
user_4535,item_2,3
user_4536,item_1,4
user_4537,item_0,1
user_4538,item_2,2
user_4539,item_1,2
user_4540,item_0,3
user_4541,item_0,3
user_4542,item_2,4
user_4543,item_1,2
user_4544,item_3,2
user_4545,item_0,0
user_4546,item_1,2
user_4547,item_0,3
user_4548,item_0,1
user_4549,item_0,1
user_4550,item_0,1
user_4551,item_1,1
user_4552,item_1,0
user_4553,item_0,0
user_4554,item_2,0
user_4555,item_2,1
user_4556,item_0,1
user_4557,item_0,0
user_4558,item_2,3
user_4559,item_2,1
user_4560,item_2,6
user_4561,item_0,1
user_4562,item_3,0
user_4563,item_3,1
user_4564,item_2,1
user_4565,item_3,0
user_4566,item_3,1
user_4567,item_0,6
user_4568,item_1,1
user_4569,item_1,0
user_4570,item_1,0
user_4571,item_0,1
user_4572,item_3,1
user_4573,item_3,2
user_4574,item_2,1
user_4575,item_0,0
user_4576,item_1,6
user_4577,item_0,1
user_4578,item_2,5
user_4579,item_3,0
user_4580,item_2,0
user_4581,item_3,3
user_4582,item_0,5
user_4583,item_0,0
user_4584,item_0,0
user_4585,item_1,3
user_4586,item_1,1
user_4587,item_2,0
user_4588,item_2,2
user_4589,item_0,5
user_4590,item_2,0
user_4591,item_0,7
user_4592,item_1,1
user_4593,item_1,2
user_4594,item_2,2
user_4595,item_0,3
user_4596,item_2,1
user_4597,item_0,3
user_4598,item_2,2
user_4599,item_2,1
user_4600,item_0,0
user_4601,item_0,2
user_4602,item_3,1
user_4603,item_3,3
user_4604,item_3,1
user_4605,item_1,3
user_4606,item_3,7
user_4607,item_1,1
user_4608,item_0,1
user_4609,item_0,1
user_4610,item_3,2
user_4611,item_1,2
user_4612,item_1,1
user_4613,item_3,3
user_4614,item_1,2
user_4615,item_2,1
user_4616,item_2,1
user_4617,item_3,0
user_4618,item_1,2
user_4619,item_2,1
user_4620,item_1,1
user_4621,item_1,0
user_4622,item_2,0
user_4623,item_2,1
user_4624,item_2,3
user_4625,item_0,1
user_4626,item_3,1
user_4627,item_2,1
user_4628,item_0,4
user_4629,item_3,3
user_4630,item_3,0
user_4631,item_1,4
user_4632,item_1,3
user_4633,item_3,1
user_4634,item_3,1
user_4635,item_2,3
user_4636,item_1,5
user_4637,item_0,5
user_4809,item_1,1
user_4639,item_2,3
user_4640,item_3,2
user_4641,item_3,2
user_4642,item_2,3
user_4643,item_2,2
user_4644,item_2,1
user_4645,item_2,1
user_4646,item_2,1
user_4647,item_3,4
user_4648,item_0,3
user_4809,item_1,1
user_4650,item_0,1
user_4651,item_3,0
user_4652,item_1,0
user_4653,item_0,5
user_4654,item_0,1
user_4655,item_3,1
user_4656,item_1,0
user_4657,item_0,0
user_4658,item_3,2
user_4659,item_2,1
user_4660,item_2,1
user_4661,item_0,1
user_4662,item_0,1
user_4663,item_1,0
user_4664,item_2,0
user_4665,item_2,0
user_4666,item_1,1
user_4667,item_2,1
user_4668,item_0,4
user_4669,item_1,1
user_4670,item_3,1
user_4671,item_3,1
user_4672,item_2,0
user_4673,item_1,1
user_4674,item_2,0
user_4675,item_1,0
user_4676,item_3,1
user_4677,item_0,1
user_4678,item_1,3
user_4679,item_3,2
user_4680,item_2,1
user_4681,item_2,3
user_4682,item_2,1
user_4683,item_1,9
user_4684,item_2,4
user_4685,item_1,1
user_4686,item_0,3
user_4687,item_3,0
user_4688,item_1,1
user_4689,item_0,3
user_4690,item_3,2
user_4691,item_1,1
user_4692,item_1,3
user_4693,item_2,0
user_4694,item_0,1
user_4695,item_3,4
user_4696,item_1,3
user_4697,item_3,0
user_4698,item_2,2
user_4699,item_2,1
user_4700,item_1,1
user_4701,item_3,2
user_4702,item_0,2
user_4703,item_1,0
user_4704,item_0,0
user_4705,item_1,2
user_4706,item_3,1
user_4707,item_2,3
user_4708,item_3,0
user_4709,item_2,1
user_4710,item_2,3
user_4711,item_1,3
user_4712,item_1,1
user_4713,item_3,0
user_4714,item_3,2
user_4715,item_3,1
user_4716,item_3,1
user_4717,item_1,7
user_4718,item_3,1
user_4719,item_3,2
user_4720,item_1,2
user_4721,item_2,1
user_4722,item_2,4
user_4723,item_1,2
user_4724,item_2,1
user_4725,item_3,0
user_4726,item_0,0
user_4727,item_1,5
user_4728,item_0,0
user_4729,item_3,1
user_4730,item_1,1
user_4731,item_0,0
user_4732,item_0,1
user_4733,item_3,2
user_4734,item_1,0
user_4735,item_0,1
user_4736,item_1,1
user_4737,item_2,4
user_4738,item_0,1
user_4739,item_1,1
user_4740,item_1,9
user_4741,item_3,3
user_4742,item_0,2
user_4743,item_3,1
user_4744,item_3,0
user_4745,item_0,2
user_4746,item_1,3
user_4747,item_1,0
user_4748,item_0,1
user_4749,item_0,0
user_4750,item_1,2
user_4751,item_0,8
user_4752,item_0,2
user_4753,item_2,3
user_4754,item_1,2
user_4755,item_0,1
user_4756,item_3,1
user_4757,item_2,4
user_4758,item_2,2
user_4759,item_1,1
user_4760,item_1,1
user_4761,item_0,2
user_4762,item_3,2
user_4763,item_0,3
user_4764,item_3,2
user_4765,item_0,0
user_4766,item_0,5
user_4767,item_2,2
user_4768,item_2,1
user_4769,item_0,1
user_4770,item_2,1
user_4771,item_2,1
user_4772,item_0,2
user_4773,item_1,6
user_4774,item_2,1
user_4775,item_3,1
user_4776,item_3,1
user_4777,item_2,0
user_4778,item_0,0
user_4779,item_3,1
user_4780,item_0,0
user_4781,item_2,0
user_4782,item_0,0
user_4783,item_1,1
user_4784,item_0,2
user_4785,item_0,2
user_4786,item_2,10
user_4787,item_1,1
user_4788,item_3,3
user_4789,item_2,2
user_4790,item_0,1
user_4791,item_1,1
user_4792,item_3,4
user_4793,item_0,2
user_4794,item_3,0
user_4795,item_0,4
user_4796,item_1,6
user_4797,item_3,5
user_4798,item_1,1
user_4799,item_1,1
user_4800,item_2,3
user_4801,item_2,1
user_4802,item_2,2
user_4803,item_3,2
user_4804,item_1,0
user_4805,item_1,0
user_4806,item_3,4
user_4807,item_1,1
user_4808,item_1,2
user_4809,item_1,1
user_4810,item_3,0
user_4811,item_3,2
user_4812,item_3,2
user_4813,item_1,0
user_4814,item_0,1
user_4815,item_0,0
user_4816,item_2,3
user_4817,item_1,1
user_4818,item_1,2
user_4819,item_0,1
user_4820,item_1,0
user_4821,item_3,2
user_4822,item_2,2
user_4823,item_2,5
user_4824,item_2,5
user_4825,item_3,0
user_4826,item_0,0
user_4827,item_3,2
user_4828,item_3,2
user_4829,item_1,5
user_4830,item_2,3
user_4831,item_2,1
user_4832,item_3,1
user_4833,item_2,2
user_4834,item_2,0
user_4835,item_1,1
user_4836,item_2,2
user_4837,item_0,3
user_4838,item_0,3
user_4839,item_0,0
user_4840,item_2,4
user_4841,item_1,1
user_4842,item_1,5
user_4843,item_3,2
user_4844,item_1,1
user_4845,item_2,3
user_4846,item_3,2
user_4847,item_3,4
user_4848,item_2,2
user_4849,item_3,3
user_4850,item_0,3
user_4851,item_0,2
user_4852,item_0,2
user_4853,item_2,1
user_4854,item_2,0
user_4855,item_0,2
user_4856,item_3,0
user_4857,item_3,5
user_4858,item_3,3
user_4859,item_0,2
user_4860,item_0,1
user_4861,item_2,0
user_4862,item_2,3
user_4863,item_2,0
user_4864,item_0,1
user_4865,item_0,2
user_4866,item_1,0
user_4867,item_2,2
user_4868,item_0,1
user_4869,item_0,1
user_4870,item_0,1
user_4871,item_1,2
user_4872,item_3,5
user_4873,item_3,1
user_4874,item_1,2
user_4875,item_1,0
user_4876,item_0,1
user_4877,item_2,6
user_4878,item_0,1
user_4879,item_3,0
user_4880,item_3,3
user_4881,item_3,1
user_4882,item_1,1
user_4883,item_0,2
user_4884,item_0,0
user_4885,item_2,0
user_4886,item_0,1
user_4887,item_1,2
user_4888,item_0,2
user_4889,item_0,2
user_4890,item_1,4
user_4891,item_3,4
user_4892,item_2,1
user_4893,item_0,5
user_4894,item_2,1
user_4895,item_2,3
user_4896,item_2,3
user_4897,item_2,5
user_4898,item_3,1
user_4899,item_2,8
user_4900,item_1,1
user_4901,item_1,0
user_4902,item_0,0
user_4903,item_0,1
user_4904,item_1,1
user_4905,item_1,2
user_4906,item_0,5
user_4907,item_1,1
user_4908,item_3,1
user_4909,item_1,4
user_4910,item_0,1
user_4911,item_1,0
user_4912,item_1,1
user_4913,item_0,3
user_4914,item_0,2
user_4915,item_0,3
user_4916,item_0,4
user_4917,item_0,4
user_4918,item_1,2
user_4919,item_3,5
user_4920,item_2,2
user_4921,item_0,1
user_4922,item_1,0
user_4923,item_0,1
user_4924,item_1,3
user_4925,item_1,2
user_4926,item_1,0
user_4927,item_3,3
user_4928,item_3,1
user_4929,item_0,0
user_4930,item_3,1
user_4931,item_1,3
user_4932,item_3,4
user_4933,item_1,5
user_4934,item_1,5
user_4935,item_3,2
user_4936,item_3,1
user_4937,item_2,5
user_4938,item_0,1
user_4939,item_0,2
user_4940,item_1,3
user_4941,item_0,4
user_4942,item_2,1
user_4943,item_2,1
user_4944,item_2,1
user_4945,item_2,0
user_4946,item_1,1
user_4947,item_1,2
user_4948,item_3,1
user_4949,item_0,1
user_4950,item_1,2
user_4951,item_1,0
user_4952,item_1,1
user_4953,item_1,0
user_4954,item_2,4
user_4955,item_2,2
user_4956,item_1,0
user_4957,item_1,2
user_4958,item_3,2
user_4959,item_2,1
user_4960,item_2,0
user_4961,item_2,1
user_4962,item_0,4
user_4963,item_1,5
user_4964,item_3,1
user_4965,item_1,3
user_4966,item_2,2
user_4967,item_1,3
user_4968,item_2,5
user_4969,item_2,1
user_4970,item_1,0
user_4971,item_0,1
user_4972,item_2,4
user_4973,item_3,2
user_4974,item_2,1
user_4975,item_2,1
user_4976,item_3,1
user_4977,item_1,2
user_4978,item_1,1
user_4979,item_2,0
user_4980,item_1,2
user_4981,item_0,1
user_4982,item_3,0
user_4983,item_3,3
user_4984,item_3,4
user_4985,item_3,0
user_4986,item_1,10
user_4987,item_0,1
user_4988,item_3,1
user_4989,item_3,1
user_4990,item_1,3
user_4991,item_1,2
user_4992,item_3,3
user_4993,item_0,1
user_4994,item_0,1
user_4995,item_2,3
user_4996,item_0,2
user_4997,item_2,3
user_4998,item_0,2
user_4999,item_3,2
